1986.21,6388.28,-1237.15
1686.05083094404,6397.8915919205,-1583.80668083924
1378.21104163223,6378.35823305699,-1923.24847337149
1064.09248006357,6329.76662710219,-2253.92838947951
745.125672248551,6252.33499917494,-2574.3388033305
422.76344631231,6146.41217883131,-2883.01820136413
98.4744532130345,6012.47611435894,-3178.55773861637
-226.263389525184,5851.13182313711,-3459.60757397059
-549.969504237109,5663.10878492343,-3724.88295757707
-871.167282506683,5449.25778702057,-3973.17004441331
-1188.39071003937,5210.54723237897,-4203.33140877646
-1500.19095931691,4948.05892380053,-4414.31123540791
-1805.14292219315,4662.98333952514,-4605.14016394734
-2101.85165453211,4356.61441760127,-4774.93976450784
-2388.95870503244,4030.34386854537,-4922.92662336435
-2665.14830050174,3685.655037906,-5048.41601903821
-2929.15336008699,3324.1163424195,-5150.82517047042
-3179.761311298,2947.37430550933,-5229.67604048265
-3415.81968113715,2557.14621986576,-5284.59767935302
-3636.24143619344,2155.21246684967,-5315.32809505124
-3840.0100462959,1743.40852431262,-5321.71563852834
-4026.18424713171,1323.61669627769,-5303.71989439103
-4193.90247821011,897.757599646599,-5261.41206934252
-4342.3869736663,467.781444700758,-5194.97487291478
-4470.94748463565,35.6591476837358,-5104.70188725464
-4578.98461332725,-396.626684916505,-4990.99642504535
-4665.99274044889,-827.090859556515,-4854.3698770406
-4731.56252930772,-1253.7547444556,-4695.43955314348
-4775.38299171238,-1674.65542136514,-4514.92602347024
-4797.24310273709,-2087.85479698359,-4313.64996838209
-4797.03295346562,-2491.44863030844,-4092.52854902932
-4774.74443300423,-2883.5754320438,-3852.57131251579
-4730.47143332827,-3262.42519224386,-3594.87564834645
-4664.4095728958,-3626.24789270916,-3320.62181533028
-4576.85543740688,-3973.36176123165,-3031.06756057565
-4468.20533859694,-4302.16122564183,-2727.54235459999
-4338.95359450521,-4611.12452674016,-2411.44126886153
-4189.69033724982,-4898.820950571,-2084.21852421407
-4021.09885692204,-5163.91764219393,-1747.38074079268
-3833.95249280605,-5405.18596499694,-1402.47992175442
-3629.11108567486,-5621.5073717966,-1051.10620498734
-3407.51700741204,-5811.878756387,-694.880418421109
-3170.1907866389,-5975.41725684462,-335.446475888427
-2918.2263513552,-6111.36448476315,25.5363484343929
-2652.7859118252,-6219.09015764041,386.401228117934
-2375.09450902543,-6298.09511486483,745.481635605973
-2086.43425590696,-6348.01370111612,1101.11919652266
-1788.13830049441,-6368.61550448269,1451.67150720199
-1481.58454143149,-6359.80644017867,1795.51987563453
-1168.18912796763,-6321.62917438858,2131.07694644701
-849.399777568828,-6254.26288644538,2456.79417119023
-526.688945298541,-6158.02237123299,2771.16908613382
-201.546879855061,-6033.35648736261,3072.75236092543
124.525398328425,-5880.84596027997,3360.15458285542
450.023161238543,-5701.20055298209,3632.05274308132
773.445043946004,-5495.25562044075,3887.19639296567
1093.30008621536,-5263.96806710692,4124.41344068058
1408.11470988319,-5008.41172999773,4342.61556038408
1716.43959744743,-4729.77221280474,4540.80318858557
2016.85643811425,-4429.34119921662,4718.07008473954
2307.98450857585,-4108.51027616626,4873.60743565177
2588.48705697045,-3768.76430002636,5006.70748588895
2857.07745985097,-3411.67434082637,5116.76667906767
3112.5251234889,-3038.89024139376,5203.28829760661
3353.66110251689,-2652.13282985099,5265.88459126964
3579.38341065495,-2253.18582524252,5304.27838754315
3788.66200016767,-1843.88747708104,5318.3041796101
3980.54338865086,-1426.1219804067,5307.90869034287
4154.15491377489,-1001.81070850743,5273.15091334783
4308.70859870612,-572.903305729729,5214.20163463015
4443.50461303638,-141.368682901778,5131.34244089682
4557.93431619778,290.814042274226,5024.96422286699
4651.48287248422,721.664617864194,4895.56518420114
4723.73142893861,1149.21070193777,4743.74836878676
4774.35884948341,1571.49683770263,4570.21872112066
4803.14300075866,1986.59331975235,4375.7796964027
4809.96158717687,2392.60491270886,4161.32943869851
4794.79253469896,2787.67938474707,3927.85654713748
4757.71392477295,3170.01581981382,3676.43545159112
4698.90348175162,3537.87267379734,3408.22142061821
4618.63761891085,3889.57554143809,3124.44522567733
4517.29004992553,4223.52460238786,2826.40748669629
4395.32997431556,4538.20171653013,2515.4727250369
4253.31984696805,4832.17714039234,2193.06315076692
4091.91274333567,5104.11583833187,1860.65221183604
3911.84933335611,5352.78336397478,1519.75793341328
3713.95447848565,5577.05128929214,1171.93607613308
3499.13346752854,5775.90216059043,818.773142428047
3268.3679081478,5948.43396262823,461.879260436136
3022.71129209368,6093.86407400445,102.880975220734
2763.28425325386,6211.53269893031,-256.586022819627
2491.26953864013,6300.9057624642,-614.884202402515
2207.90671337335,6361.57725826898,-970.381498730462
1914.48662161399,6393.27103994208,-1321.45859391737
1612.3456262099,6395.84204896932,-1666.51614076873
1302.8596506017,6369.27697436253,-2003.98190043807
987.438047238916,6313.6943410624,-2332.31776477668
667.517317406372,6229.34402621895,-2650.02663457109
344.554707964988,6116.6062045072,-2955.65912529335
20.0217110381386,5975.98972569114,-3247.82007251539
-304.602506842932,5808.1299297196,-3525.17480972303
-627.837719213731,5613.7859067196,-3786.45519194142
-948.209270502275,5393.83721134738,-4030.4653393339
-1264.25469566436,5149.280043061,-4256.08707577795
-1574.53030088424,4881.22290599258,-4462.28503834813
-1877.61767748205,4590.88176421046,-4648.11143466209
-2172.13012112535,4279.57471028619,-4812.71042615796
-2456.71892851417,3948.71616717762,-4955.3221166012
-2730.07954384878,3599.81064554906,-5075.2861264324
-2990.95752765446,3234.44608072022,-5172.04473500208
-3238.15432091657,2854.28677546275,-5245.14557427955
-3470.53277793465,2461.06597690522,-5294.24385925789
-3687.02244194959,2056.5781177015,-5319.1041420483
-3886.62453829927,1642.67075354368,-5319.60157850828
-4068.41666074418,1221.23623086835,-5295.72269822421
-4231.55712759466,794.203120328628,-5247.5656707374
-4375.28898542082,363.527453176777,-5175.34006307149
-4498.94363940104,-68.8162008213299,-5079.3660858765
-4601.94409079229,-500.843774012916,-4960.07332784311
-4683.80776356635,-930.570818936884,-4817.99898045199
-4744.14890395827,-1356.02166179093,-4653.78555759261
-4782.68053850923,-1775.2385484396,-4468.17811710246
-4799.21597814981,-2186.2907395387,-4262.02099382801
-4793.66985795611,-2587.28351100579,-4036.25405637007
-4766.05870440821,-2976.36701594238,-3791.90850224363
-4716.50102428002,-3351.74496425429,-3530.10220872052
-4645.21691167768,-3711.68307659451,-3252.03465913245
-4552.52717220667,-4054.51726991082,-2958.98146685347
-4438.85196576742,-4378.66153280282,-2652.28852154194
-4304.70897204904,-4682.61545006295,-2333.36578450426
-4150.71108536702,-4964.97133727379,-2003.6807621539
-3977.5636480965,-5224.42094801625,-1664.75168858112
-3786.06123451775,-5459.76171826521,-1318.1404500611
-3577.08399943582,-5669.90251477142,-965.445286005459
-3351.593608421,-5853.86885670783,-608.293302332399
-3110.62876891746,-6010.80758256688,-248.332834478542
-2855.30038377879,-6139.99093719823,112.774301684422
-2586.78635097837,-6240.82005697486,473.360631970612
-2306.32603529274,-6312.82783433582,831.760879433501
-2015.21443965408,-6355.68114635284,1186.31981344845
-1714.79610559521,-6369.18243548055,1535.40005237844
-1406.45877374883,-6353.27063424903,1877.38978009748
-1091.62683670331,-6308.02142931284,2210.71033712154
-771.754617650993,-6233.64686395337,2533.82364782319
-448.319509171641,-6130.49428181217,2845.2394461896
-122.815007187718,-5999.04461828234,3143.52226379078
203.256324416463,-5839.9100495742,3427.29814507214
528.389922792878,-5653.83101297048,3695.26105674182
851.086293023174,-5441.67261517276,3946.17895987319
1169.85803741577,-5204.4204488846,4178.8995153806
1483.23681216125,-4943.17584085888,4392.35539572027
1789.78017696122,-4659.15055753477,4585.56917800559
2088.0783041157,-4353.66099707871,4757.65779618763
2376.76051459838,-4028.12189913047,4907.83653249945
2654.50160989872,-3684.03960578698,5035.42253100651
2920.02796980121,-3323.00490936618,5139.83781878673
3172.12338782889,-2946.68552423636,5220.61182298937
3409.63461774564,-2556.81822151667,5277.38337474975
3631.47660634007,-2155.20066665467,5309.90219367342
3836.63738958027,-1743.68300091735,5318.02984929047
4024.18263123127,-1324.15920853539,5301.74019854258
4193.25978506712,-898.558311729272,5261.11930095452
4343.10186389617,-468.835436110875,5196.36481565871
4473.03080075646,-36.9627889412946,5107.7848868678
4582.4603897706,395.079407453429,4995.79652671683
4670.89879630103,825.311985233669,4860.92350661057
4737.9506281784,1251.76586228693,4703.79377030914
4783.31856188786,1672.49099466707,4525.13638395704
4806.80451967606,2085.56521069342,4325.7780401024
4808.31039557417,2489.10288826824,4106.63913446537
4787.83833031508,2881.26343820635,3868.72943579303
4745.49053704542,3260.25955773445,3613.14337057892
4681.46868159077,3624.36521977443,3341.05494574082
4596.07282282154,3971.92336518621,3053.71233353079
4489.69992038336,4301.35326678265,2752.43214400776
4362.84191869814,4611.15753563353,2438.5934113383
4216.08341770331,4899.92874195188,2113.63132099448
4050.0989422959,5166.35562464333,1779.03070564516
3865.64982384841,5409.22886548497,1436.31933809696
3663.58070851441,5627.4464057552,1087.06105016337
3444.81570829658,5820.01828506698,732.848706710098
3210.35421205614,5986.07098407136,375.297064449168
2961.26637475376,6124.85125466203,16.0355452437053
2698.68830428301,6235.7294232593,-343.299046163216
2423.81696624272,6318.20215473315,-701.069830045369
2137.90482792989,6371.89466650429,-1055.64715528517
1842.2542637058,6396.56238435589,-1405.41586883041
1538.21174469546,6392.0920334915,-1748.78252136348
1227.16183654232,6358.50216038616,-2084.1824797649
910.521029627767,6295.94308300177,-2410.08691727899
589.731426811112,6204.69626897207,-2725.00965266774
266.254314323733,6085.17314341009,-3027.51381010195
-58.4363580285132,5937.91333004987,-3316.21827207399
-382.860560736284,5763.58233150797,-3589.80389822313
-705.538805519913,5562.96865653545,-3847.01948365891
-1024.99877598443,5336.98040422712,-4086.6874311407
-1339.78194039661,5086.64131726351,-4307.70911233075
-1648.45011880929,4813.08631837015,-4509.06989429313
-1949.59197664685,4517.5565463051,-4689.84380844803
-2241.8294168717,4201.39390978497,-4849.19784034697
-2523.82384290985,3866.03517988609,-4986.3958198639
-2794.28226471278,3513.00564353138,-5100.80189275902
-3051.96322060363,3143.91234275443,-5191.88355601922
-3295.68248795675,2760.43692646339,-5259.21424094616
-3524.31855627992,2364.32814340536,-5302.47542963804
-3736.81783688907,1957.39400698934,-5321.45829228751
-3932.19958415023,1541.49366445764,-5316.06483461392
-4109.56050414563,1118.52900469887,-5286.30854673817
-4268.07902766866,690.436040650227,-5232.31454690549
-4407.01922561678,259.176103816749,-5154.3192156512
-4525.73434617546,-173.273110153589,-5052.66931828173
-4623.6699546368,-604.926604606427,-4927.82061590208
-4700.36665829801,-1033.80121239451,-4780.33596764473
-4755.46240061598,-1457.92475149249,-4610.8829292396
-4788.69431066378,-1875.34516270992,-4420.23085558878
-4799.90009592767,-2284.13958597024,-4209.24751756598
-4789.01896859825,-2682.42333133624,-3978.89524582357
-4756.09209773144,-3068.35870089662,-3730.22661695348
-4701.26258197807,-3440.16361782737,-3464.37969988126
-4624.77493998725,-3796.12001939005,-3182.57288286454
-4526.97411806842,-4134.58197134239,-2886.09930389703
-4408.30401722859,-4453.98346222741,-2576.32090965619
-4269.30554427365,-4752.84583725655,-2254.66217037495
-4110.61419425544,-5029.7848330243,-1922.60348013393
-3932.95717412891,-5283.51717609834,-1581.67427401915
-3737.15008006238,-5512.86671055634,-1233.44589541399
-3524.09314336625,-5716.77002185369,-879.524248296995
-3294.76706247259,-5894.2815269358,-521.542270838708
-3050.22844078506,-6044.57800325957,-161.152267800366
-2791.60485249573,-6166.96253234936,199.981859793395
-2520.08956062513,-6260.86783664786,560.192448494674
-2236.93591355781,-6325.8589917189,917.815930083846
-1943.45144820249,-6361.63549928876,1271.20067309574
-1640.9917295905,-6368.03271014807,1618.71476830271
-1330.95395821397,-6345.02258955217,1958.75371852372
-1014.77037770442,-6292.71382142211,2289.74799365604
-693.901516518798,-6211.35125133291,2610.17041263003
-369.829298175517,-6101.31467195361,2918.54331500423
-44.0500551967424,-5963.11695823818,3213.4454862094
281.93251766795,-5797.4015632387,3493.51880192872
606.614435198198,-5604.9393888855,3757.4745588165
928.4984827531,-5386.62504943296,4004.09946065237
1246.10123121028,-5143.47254847725,4232.26123110381
1557.95997089043,-4876.61039349019,4440.91382650287
1862.63953027465,-4587.27617466237,4629.10222441037
2158.73894622759,-4276.81063749809,4795.96676622125
2444.89795355558,-3946.65128101135,4940.74703465109
2719.8032629888,-3598.32551557296,5062.78524958126
2982.1945981209,-3233.44341639721,5161.52916844431
3230.87046343181,-2853.69011033554,5236.53448006035
3464.69361721802,-2460.81783509574,5287.4666835621
3682.59622508472,-2056.6377111829,5314.10244677167
3883.58467158276,-1643.0112677655,5316.3304410827
4066.74400955864,-1221.84176436259,5294.15165253797
4231.24202884942,-795.065350670403,5247.67917137146
4376.33292806353,-364.642107020918,5177.13746477762
4501.36057530904,67.4529920496321,5082.86114007489
4605.76134588515,499.239148919732,4965.29320772967
4689.06652709117,928.738806933684,4824.9828558946
4750.90428243949,1353.98666628437,4662.58275018187
4791.00116966243,1773.03861145069,4478.84587433368
4809.18320897121,2183.98051090485,4274.62192926186
4805.37650004612,2584.93685092886,4050.85330961148
4779.60738820649,2974.07916666428,3808.5706785406
4732.00218211532,3349.63423488233,3548.88816283026
4662.78642721596,3709.89199446579,3272.99819171145
4572.28374087009,4053.21316216256,2982.16600395224
4460.91421686257,4378.03651283667,2677.72384876634
4329.19240856638,4682.88579514521,2361.06490702361
4177.72490160249,4966.37625537255,2033.63696000948
4007.2074883046,5227.22074395482,1696.93583367258
3818.42195769357,5464.23538109723,1352.49864686248
3612.2325159839,5676.34475978059,1001.89689252218
3389.58185389905,5862.58666636087,646.729381182331
3151.48687824048,6022.11630091172,288.615076368043
2899.03412627467,6154.20998139988,-70.814148259767
2633.3748825358,6258.26831775653,-429.920800110761
2355.72001862609,6333.81884387792,-787.069077260444
2067.33457750956,6380.51809757618,-1140.63216652399
1769.5321246521,6398.15314049559,-1488.99950021467
1463.66888915946,6386.64251201454,-1830.58394198226
1151.13771880307,6346.0366131685,-2163.82887238913
833.361873506692,6276.51751865487,-2487.21514521437
511.788682495356,6178.39821701889,-2799.2678858759
187.883090867803,6052.12128116895,-3098.56310384641
-136.878878129839,5898.25697343409,-3383.73409148056
-461.01671841638,5717.50079145,-3653.47758231131
-783.052066871657,5510.67046325106,-3906.5596425746
-1101.51533220974,5278.70240204271,-4141.82127052302
-1414.95229927894,5022.64763323873,-4358.18367896672
-1721.9306809771,4743.66720846365,-4554.65323745458
-2021.04658989741,4443.02712333171,-4730.32605158047
-2310.93090181613,4122.09275793902,-4884.3921580586
-2590.25548325392,3782.32286109528,-5016.13931549184
-2857.73925553065,3425.2631014232,-5124.95637212208
-3112.15406806154,3052.53921049589,-5210.33619334128
-3352.33035404377,2665.84974523506,-5271.87813332279
-3577.16254225123,2266.95849873709,-5309.29003684221
-3785.61419930344,1857.68659063522,-5322.38975915751
-3976.72287757945,1439.90426994016,-5311.10619373693
-4149.60464488168,1015.52246504694,-5275.47979964128
-4303.45827301376,586.484117267033,-5215.66262248596
-4437.56906365631,154.755335750743,-5131.91780512026
-4551.31229126672,-277.683586925784,-5024.61858645904
-4644.15624422192,-708.847257996565,-4894.24678927752
-4715.66484705485,-1136.75432498522,-4741.39080021985
-4765.49984840084,-1559.43663095905,-4566.74304776687
-4793.42256116907,-1974.94834140475,-4371.09698644287
-4799.29514347851,-2381.37499910659,-4155.3435980985
-4783.08141103861,-2776.84246316211,-3920.46742367633
-4744.84717390346,-3159.52568828455,-3667.54214141566
-4684.76009287166,-3527.65730078282,-3397.72570998588
-4603.08905323057,-3879.5359281305,-3112.25509751277
-4500.20305603551,-4213.53423981901,-2812.44061986761
-4376.56962966295,-4528.10665822376,-2499.65991392155
-4232.75276694584,-4821.79669956321,-2175.35157365056
-4069.41039580157,-5093.2439065838,-1841.00847908595
-3887.29139384314,-5341.19033648376,-1498.17085001142
-3687.23216002592,-5564.48656969094,-1148.41905807038
-3470.15275890184,-5762.09720746084,-793.366232526784
-3237.05265549708,-5933.10582885647,-434.650696281674
-2989.00606119179,-6076.71938047292,-73.9282699019871
-2727.15691323402,-6192.2719752713,287.135517661469
-2452.7135126428,-6279.22808006699,646.873272316256
-2166.94284723861,-6337.18507454504,1003.62359224566
-1871.16462835077,-6365.87516813547,1355.73889954917
-1566.74507139607,-6365.16666463713,1701.59320623011
-1255.09045196165,-6335.06456811009,2039.58977500466
-937.640470265265,-6275.71052722743,2368.16863600578
-615.861457904346,-6187.38211896436,2685.81392129209
-291.239461588651,-6070.49147617,2991.06098018801
34.7267608494213,-5925.58326719315,3282.50323978424
360.532796541603,-5753.33203928044,3558.79877649242
684.675650015889,-5554.53894091449,3818.67656629162
1005.66079633692,-5330.12784157971,4060.94238325141
1322.00917964985,-5081.14087061243,4284.48431802923
1632.2641223797,-4808.73339978395,4488.27789030977
1934.99811108799,-4514.1684970742,4671.39073154491
2228.81942596456,-4198.81088167036,4832.98681687269
2512.37858205607,-3864.12041260773,4972.33022767611
2784.37455166784,-3511.64514558278,5088.78842891739
3043.56073884485,-3143.01399435189,5181.83504808509
3288.75067844001,-2759.92903477954,5251.05214531705
3518.8234340497,-2364.15749093258,5296.13196700709
3732.72867091311,-1957.52344377819,5316.87817790472
3929.49138183448,-1541.8993038771,5313.20656940563
4108.21624619158,-1119.1970900895,5285.14524435318
4268.09160417101,-691.359556668817,5232.83428122927
4408.39303047435,-260.351211267862,5156.52488308703
4528.48649388259,171.850733724293,5056.57801895791
4627.83109120908,603.265434397203,4933.46256773805
4705.98134631253,1031.91747147182,4787.75297671846
4762.58906696735,1455.84584847407,4620.12644896055
4797.4047544848,1873.11289187942,4431.35967562752
4810.27856303513,2281.8130141966,4222.3251311645
4801.16080763183,2680.08130214078,3993.98695086067
4770.10202169155,3066.10189332104,3747.39641184948
4717.2525669768,3438.11610630106,3483.68703997209
4642.86180055291,3794.43029038583,3204.06936618658
4547.2768051446,4133.42336309415,2909.82535732079
4430.94069096039,4453.55400493945,2602.30254697056
4294.39047865073,4753.36748290051,2282.90789319997
4138.25457460828,5031.50207571146,1953.10139049775
3963.24985125448,5286.69507598285,1614.38946404681
3770.1783463471,5517.78834599528,1268.31817494428
3559.92359664109,5723.73340592285,916.466265436546
3333.44662246391,5903.59603516372,560.438073580899
3091.78158093232,6056.56036938798,201.856347013557
2836.03110662682,6181.93247787319,-157.645014330559
2567.36135956544,6279.14340766426,-516.428256609984
2286.99680128616,6347.75168306954,-872.859081625499
1996.21472074592,6387.4452509955,-1225.31393763728
1696.33953258619,6398.04286461855,-1572.18726169701
1388.73687110284,6379.49489989987,-1911.89864394397
1074.80750397616,6331.88360146674,-2242.89988460184
755.98109049825,6255.42275641295,-2563.68191474829
433.709809630365,6150.45679661051,-2872.78155236847
109.461883790332,6017.45933217907,-3168.78806568259
-215.28497524621,5857.03112082532,-3450.34951631783
-539.050171516199,5669.89747984274,-3716.1788555427
-860.356853930219,5456.90514965422,-3965.05974750966
-1177.73854174927,5219.01861988217,-4195.85209426846
-1489.74571878429,4957.31593103944,-4407.49723821827
-1794.95236847965,4672.98396705175,-4599.02281865992
-2091.96242198301,4367.31325594057,-4769.54726020196
-2379.41609134246,4041.69229810063,-4918.28387197004
-2655.99606008836,3697.601443717,-5044.54453785697
-2920.43350369746,3336.60634293744,-5147.74297945737
-3171.51391276078,2960.35099448592,-5227.39757483181
-3408.08269215347,2570.55042038374,-5283.13371787215
-3629.05051004176,2168.98299645815,-5314.68570475169
-3833.39837129618,1757.48247016783,-5321.89813579137
-4020.18239068665,1337.92969912881,-5304.72682300497
-4188.53824220487,912.24414545001,-5263.23919563392
-4337.6852619689,482.375162593147,-5197.61419812281
-4466.93018339557,50.2931129960885,-5108.14167722068
-4575.6704847203,-382.019643965083,-4995.22125721025
-4663.39733046275,-812.577852884246,-4859.36070465966
-4729.69809010349,-1239.402510293,-4701.17378654548
-4774.25841903459,-1660.53001703509,-4521.37762810117
-4796.86388877693,-2074.02129175945,-4320.78957928785
-4797.40115551076,-2477.97080183302,-4100.32360134505
-4775.85865813322,-2870.51546779482,-3860.98618744209
-4732.32683932915,-3249.8433975235,-3603.87183400828
-4666.99788550677,-3614.20240662164,-3330.15808182853
-4580.16498389328,-3961.90828208794,-3041.10014845998
-4472.22109759319,-4291.35274719586,-2738.02517591333
-4343.65726196239,-4601.01108662272,-2422.32611982704
-4195.0604082434,-4889.44939222967,-2095.45530856968
-4027.11072298551,-5155.33139159209,-1758.91770270697
-3840.57855436935,-5397.42482325332,-1414.26388719834
-3636.32087910161,-5614.60732486888,-1063.0828303825
-3415.27734604496,-5805.87180281846,-706.994445334942
-3178.46591518354,-5970.33125449798,-347.641990508672
-2926.97811285357,-6107.22301736738,13.3156523490125
-2661.97392639884,-6215.91242186882,374.211784137221
-2384.67636349832,-6295.89582855198,733.379738722278
-2096.36570335699,-6346.80303310457,1089.16073779006
-1798.37346872428,-6368.39902647117,1439.91171027171
-1492.07614929916,-6360.58510082098,1784.01303652878
-1178.88870847246,-6323.39929576795,2119.87617789464
-860.25790655798,-6257.01618292539,2445.95115281659
-537.655474618261,-6161.74599056016,2760.73382177312
-212.571173762547,-6038.03307377446,3062.77294426783
113.49422469952,-5886.4537392499,3350.67697260008
439.036002566758,-5707.71343711627,3623.12054870355
762.552565774395,-5502.64333592709,3878.85067214568
1082.55248756325,-5272.19630000991,4116.69250936731
1397.56148860188,-5017.44229158661,4335.55481639668
1706.12931947187,-4739.563223012,4534.4349495687
2006.83651174472,-4439.84728722428,4712.42344121342
2298.30096486956,-4119.68279704946,4868.70811979969
2579.18433729696,-3780.55156629481,5002.57775664613
2848.19821160138,-3424.02186765314,5113.42522397508
3104.11000488948,-3051.74100424843,5200.75015180871
3345.74859742824,-2665.42753321778,5264.16107393633
3572.00965417964,-2266.86318106245,5303.3770559069
3781.86061582865,-1857.88449151766,5318.22880071887
3974.34533782891,-1440.37424752278,5308.65923053859
4148.58835802975,-1016.25270941413,5274.72354539357
4303.79877552733,-587.46871177875,5216.5887623248
4439.27372550536,-155.990661476974,5134.53274093473
4554.40143696586,276.202520793199,5028.94270362192
4648.66386239917,707.1304733773,4900.31326104021
4721.63887058104,1134.8204395314,4749.24395544991
4773.00199580248,1557.31624554907,4576.43633663602
4802.52773892743,1972.6871713334,4382.69058694581
4810.09041771816,2379.03667465539,4168.9017137466
4795.66456586647,2774.51093153658,3936.05532922152
4759.32488210828,3157.3071565356,3685.22303889326
4701.24573267461,3525.68166813098,3417.55746162572
4621.70021214167,3877.95766594366,3134.28690506234
4521.05876947805,4212.53268815237,2836.7097215535
4399.78740774945,4527.8857191463,2526.18837058974
4258.44546753066,4822.58391920174,2204.14321461219
4097.68300557806,5095.28894978843,1872.04607578591
3918.23778176025,5344.76286992697,1531.41358197121
3720.9318685937,5569.87358092021,1183.80033062155
3506.66789902195,5769.59979866912,830.791899773132
3276.42496928914,5943.03553471551,473.997735612338
3031.25421490051,6089.39406909767,115.043946342679
2772.27407874203,6208.01140006028,-244.433967770049
2500.66529144045,6298.34915763196,-602.798418226476
2217.66558499408,6359.99697006302,-958.417036052645
1924.56416159308,6392.67427410611,-1309.66995362407
1622.69594037291,6396.23156212315,-1654.9570308464
1313.43560561723,6370.65106100993,-1992.70499620468
998.191480641646,6316.04683995179,-2321.37447348597
678.399252231588,6232.66434605325,-2639.46686536128
355.51557112688,6120.87936893074,-2945.53106542787
31.0115545598937,5981.19643741051,-3238.1699708519
-293.633782650041,5814.2466535462,-3516.04676832124
-616.940141539318,5620.78497125026,-3777.89096669761
-937.432569722004,5401.68692892839,-4022.50415050372
-1253.64808185482,5157.94484761104,-4248.76542921684
-1564.14224211213,4890.66350818475,-4455.63655827035
-1867.49568080643,4601.05532344849,-4642.16670867665
-2162.32051726272,4290.43502282869,-4807.4968633084
-2447.26666110001,3960.21386970448,-4950.86381908457
-2721.02796423131,3611.89343338569,-5071.60377563253
-2982.34819614662,3247.05893986261,-5169.15549242146
-3230.02681540634,2867.37222749331,-5243.06299789534
-3462.92451075093,2474.56433580225,-5292.97783577702
-3679.96848584778,2070.42775749408,-5318.66083547064
-3880.15746240716,1656.80838569628,-5319.98339534366
-4062.56637727521,1235.59719022551,-5296.92826964072
-4226.35075010549,808.721658380458,-5249.58985184668
-4370.75069934002,378.137037374155,-5178.17394948203
-4495.0945855185,-54.1825830387238,-5082.9970475674
-4598.80226234322,-486.25330784239,-4964.48506033147
-4681.38791749068,-916.090552900364,-4823.171573144
-4742.4624868563,-1341.71819792211,-4659.69557912373
-4781.73562774982,-1761.17773343057,-4474.79871738684
-4799.01723851895,-2172.53735832145,-4269.32202245063
-4794.21851416154,-2573.90098425567,-4044.2021968669
-4767.35252967915,-2963.41710298335,-3800.46742173182
-4718.53434522242,-3339.28747284459,-3539.23272225172
-4647.98062946287,-3699.77558105036,-3261.69490806018
-4556.00880008635,-4043.21483900193,-2969.12711042188
-4443.03568282455,-4368.01646880841,-2662.87294083293
-4309.57569300139,-4672.67704035281,-2344.34029778791
-4156.23854615906,-4955.78561970038,-2014.99485063754
-3983.72650692339,-5216.03049135818,-1676.3532314734
-3792.83118783991,-5452.20541888533,-1329.97596781182
-3584.42991245647,-5663.21541057415,-977.46019052778
-3359.48165941814,-5848.08195939054,-620.432152970786
-3119.02260673919,-6005.94772906834,-260.539598442034
-2864.16129773842,-6136.08066114223,100.555985728645
-2596.07345230901,-6237.8774808032,461.187188479245
-2315.99644925792,-6310.86658270922,819.688530088728
-2025.22350734776,-6354.71028128254,1174.40431213199
-1725.09759441039,-6369.20641353271,1523.69642236633
-1417.0050954413,-6354.28928604154,1865.95205481657
-1102.36927194353,-6310.02996139939,2199.59130577878
-782.643545908494,-6236.63588306481,2523.07460720578
-459.304642765929,-6134.44984130181,2834.90995987806
-133.845628306582,-6003.94828649852,3133.65992999764
192.231124936815,-5845.73899976298,3417.94837425981
517.421006133933,-5660.55813419569,3686.46686011329
840.224233703737,-5449.26664362746,3937.98074976597
1159.15288645884,-5212.84611886142,4171.33491852081
1472.73786328562,-4952.39405454423,4385.45908021905
1779.53573694821,-4669.11857269724,4579.37269489762
2078.13546846518,-4364.33263163834,4752.18943622418
2367.16494955895,-4039.44775150706,4903.12119882719
2645.29734190187,-3695.96728986295,5031.48162826561
2911.25718328862,-3335.47930282603,5136.6891590763
3163.82623239445,-2959.64902900622,5218.26954904944
3401.84902547474,-2570.21103495439,5275.85790062509
3624.23812014492,-2168.96106213133,5309.20016302398
3829.97900327848,-1757.74761638326,5318.15411142814
4018.13464204197,-1338.46334164784,5302.68980218279
4187.84965912614,-913.036220114727,5262.88950558534
4338.35411532771,-483.420641312562,5198.94712034603
4468.96688475804,-51.5883826257552,5111.16707623526
4579.09861010168,380.480456462144,4999.96273376115
4668.25422748954,810.806524496459,4865.8542919413
4736.03505268967,1237.42025125601,4709.46621733157
4782.14042242828,1658.37080350992,4531.52420945331
4806.36888673456,2071.73492375648,4332.85171960485
4808.61895023672,2475.62561345738,4114.36604176271
4788.88936232132,2868.20062352877,3877.07399585348
4747.27895799202,3247.67071618405,3622.06722513469
4683.98605312499,3612.30766370287,3350.51713073077
4599.30739960867,3960.45195124322,3063.66946756222
4493.63670757592,4290.52015245015,2762.83862696719
4367.46274357658,4601.0119483325,2449.40163223967
4221.36701511421,4890.51676161396,2124.7918741514
4056.02105345455,5157.71998060887,1790.49261420281
3872.18330803361,5401.40874850237,1448.03028396274
3670.6956671356,5620.47729580284,1098.96760935003
3452.47962077472,5813.93179564963,744.896589099343
3218.53208291514,5980.89472358288,387.43135696584
2969.9208912893,6120.60870533293,28.2009574364871
2707.78000413465,6232.43983814697,-331.157935151834
2433.30441416686,6315.88047314227,-689.00832413073
2147.74480103838,6370.55144815924,-1043.72019472631
1852.40194440653,6396.20376257894,-1393.67778515737
1548.62092054684,6392.71968757245,-1737.28679494414
1237.78510620731,6360.11330726143,-2072.98150100208
921.310014087466,6298.53048829148,-2399.23175241996
600.636984986604,6208.24827735576,-2714.54981518352
277.226762223217,6089.67372825055,-3017.49703859139
-47.4470255246031,5943.34216210674,-3306.69031561497
-371.904446362603,5769.91486651078,-3580.80831008052
-694.665885304878,5570.17624131561,-3838.59742422978
-1014.25867504941,5345.03040103757,-4078.87748099062
-1329.22370981424,5095.49724584202,-4300.54709614555
-1638.12201445954,4822.70801523421,-4502.58871653354
-1939.54124102011,4527.90034068775,-4684.07330146366
-2232.10206475551,4212.41281555946,-4844.16462565792
-2514.46445190339,3877.67910274531,-4982.12318328217
-2785.33377149758,3525.2216026247,-5097.30967396945
-3043.46672388588,3156.6447059192,-5189.18805318863
-3287.67705899619,2773.62765809942,-5257.32813088083
-3516.84105787745,2377.91706400629,-5301.40770394165
-3729.90275170216,1971.31906325239,-5321.2142099178
-3925.87885316663,1555.69120884624,-5316.64589116675
-4103.86337611753,1132.93408326661,-5287.71246071905
-4263.03192026695,704.982687890827,-5234.53526317679
-4402.64559903032,273.797643238826,-5157.34692616701
-4522.05458982752,-158.643761062242,-5056.49050014459
-4620.70128764221,-590.356626406849,-4932.41808669402
-4698.1230442269,-1019.35757413021,-4785.68895790311
-4753.95447707022,-1443.67390097463,-4616.96717186197
-4787.92933410583,-1861.35271811521,-4427.01869186703
-4799.88190213315,-2270.47003023603,-4216.70801945989
-4789.74794902899,-2669.13971082938,-3986.99435400308
-4757.56519205025,-3055.52232984826,-3738.9272940446
-4703.47328684507,-3427.83378999992,-3473.64209827233
-4627.71333419588,-3784.35372843087,-3192.3545263429
-4530.62690399423,-4123.43364124707,-2896.35528230658
-4412.65457847574,-4443.50468930447,-2587.00408568353
-4274.33401932207,-4743.08514492074,-2265.72339751338
-4116.29756581481,-5020.78744071756,-1933.99183078024
-3939.26937382748,-5275.32478354554,-1593.33727661947
-3744.06210800585,-5505.5172985063,-1245.32977950044
-3531.57320202132,-5710.29767036651,-891.574196214083
-3302.78070424434,-5888.7162521927,-533.702674907622
-3058.73872858039,-6039.94561377163,-173.366991636748
-2800.57253248985,-6163.28450533935,187.769217122692
-2529.47324637526,-6258.16121527159,548.038286813974
-2246.69228054501,-6324.13630367711,905.776382296947
-1953.53543782124,-6360.90469726348,1259.33134057286
-1651.35676155077,-6368.29713437625,1607.07045881461
-1341.55215027762,-6346.28095272594,1947.38818805309
-1025.55277162767,-6294.96021598033,2278.71369340456
-704.818309055704,-6214.5751790849,2599.51824249142
-380.830075952622,-6105.50109585035,2908.32238475522
-55.0840322687102,-5968.24637598625,3203.70288560579
270.916260793821,-5803.45010233086,3484.29938085174
595.666712275383,-5611.87892250779,3748.82071854669
917.669763453191,-5394.42333259547,3996.05095728517
1235.44140491366,-5152.09337361131,4224.85499204537
1547.51811378223,-4886.01376465313,4434.18378090892
1852.4636768864,-4597.41849940114,4623.07914834608
2148.87586653851,-4287.64493533054,4790.67814323922
2435.39293671658,-3958.12740741547,4936.21693238913
2710.69990869527,-3610.3904002965,5059.03421289735
2973.53461660587,-3246.04131484139,5158.5741295113
3222.69348499796,-2866.76286670886,5234.38868575191
3457.03701215664,-2474.30515600618,5286.13964036521
3675.49493478478,-2070.47744827304,5313.59988337581
3877.07105154861,-1657.139707996,5316.65428869951
4060.84768499764,-1236.19392651306,5295.30004292048
4225.98976341687,-809.57528662055,5249.64645241444
4371.74850627867,-379.243206377218,5179.91423349813
4497.46469908674,52.8276954185348,5086.43429269247
4602.57154555314,484.656669859361,4969.64600648931
4686.59708719109,914.265902894988,4830.09501220392
4749.16618253824,1339.68953350809,4668.43052356577
4790.0020403297,1758.98258479349,4485.40218664571
4808.92730300919,2170.2297686141,4281.85649353476
4805.8646789911,2571.55412564531,4058.73277286933
4780.83712405497,2961.12546386836,3817.05877785327
4733.96757416488,3337.16855996995,3557.94589383637
4665.47823384942,3697.97108957459,3282.58398880113
4575.68942605268,4041.89125382152,2992.23593126092
4465.01801106571,4367.3650714516,2688.23180109941
4333.97538377921,4672.91330727255,2371.96281980531
4183.16506003713,4957.14800968182,2044.87502731533
4013.27986435889,5218.77863170211,1708.46273339878
3825.09873268373,5456.6177118828,1364.26177205487
3619.4831451181,5669.58609329286,1013.84258787867
3397.37320492171,5856.71766074445,658.803183731206
3159.78338113892,6017.16357833161,300.761959317227
2907.79793340234,6150.19601130822,-58.6495295142693
2642.56603847275,6255.2113183012,-417.793860830221
2365.29663906502,6331.73270182552,-775.035056075956
2077.25303642578,6379.41230705445,-1128.74587902667
1779.74724898741,6398.03276079272,-1477.31509442929
1474.13416022589,6387.50814460469,-1819.15465672005
1161.8054795827,6347.88439806463,-2152.70679947223
844.183541012509,6279.33915012161,-2476.45099653928
522.714964322809,6182.18097860803,-2788.9107662857
198.864205063143,6056.84809997183,-3088.66029074765
-125.8929807845,5903.90649337395,-3374.33082213178
-450.076130609887,5724.04746536821,-3644.61684968192
-772.206700386515,5518.08466346873,-3898.28200065078
-1090.81469389057,5286.95054900972,-4134.16464990591
-1404.44526828698,5031.6923418091,-4351.18321358003
-1711.66528827246,4753.46745126557,-4548.34110314173
-2011.06980089254,4453.53841062959,-4724.73131733455
-2301.28840314461,4133.26733331056,-4879.54065058832
-2580.99147458856,3794.10991218084,-5012.05349777955
-2848.89624738288,3437.60898492754,-5121.65523658482
-3103.77268647585,3065.38769055931,-5207.83517015116
-3344.44915308557,2679.14224422339,-5270.18901438817
-3569.81782517249,2280.63435942433,-5308.4209158939
-3778.83984923601,1871.68334870315,-5322.34498831799
-3970.55019858478,1454.15793564586,-5311.8863568863
-4144.06221414562,1029.96781286373,-5277.08170282313
-4298.57180494408,601.054982234108,-5218.07930152286
-4433.36128659007,169.384915233096,-5135.13855053248
-4547.80283745046,-263.062427418174,-5028.62898570122
-4641.36155367482,-694.301676320802,-4899.02878622605
-4713.59808586656,-1122.3511926303,-4746.92277176071
-4764.17084195426,-1545.24222351361,-4572.99989724785
-4792.83774271168,-1961.02803069511,-4378.05025366879
-4799.45751839595,-2367.79294848518,-4162.96158546178
-4783.9905371096,-2763.6613274379,-3928.71533792396
-4746.49915773728,-3146.80631976788,-3676.38225047566
-4687.1476026492,-3515.45846291849,-3407.11751418414
-4606.20134778606,-3867.91401816512,-3122.15551443124
-4504.02603023184,-4202.5430219157,-2822.80418201682
-4381.08587592502,-4517.79700840408,-2510.43897831816
-4237.94165272985,-4812.21636380165,-2186.49654232184
-4075.24815669229,-5084.4372733197,-1852.4680294589
-3893.75124187913,-5333.19822475887,-1509.89217407009
-3694.28440677282,-5557.34603403299,-1160.34810912265
-3477.76495270282,-5755.84136056096,-805.447978357456
-3245.18973225562,-5927.76368298697,-446.829377440757
-2997.63050795716,-6072.31570850189,-86.147661829487
-2736.22894378901,-6188.82719202166,274.931839993983
-2462.19125422349,-6276.75814465812,634.741668586159
-2176.78253744937,-6335.70141424118,991.620091134267
-1881.32082128341,-6365.38462410504,1343.91893461974
-1577.17085190398,-6365.67145990658,1690.01135467724
-1265.7376569975,-6336.56229787134,2028.29950060362
-948.459916156275,-6278.19417153393,2357.22203756159
-626.803172396394,-6190.84007772554,2675.26148786823
-302.25291948065,-6074.90762623128,2980.95135433877
23.6923996851447,-5930.93704116615,3272.88298997697
349.528447960463,-5759.59852566993,3549.71217984485
673.752066432562,-5561.68900497428,3810.16540268843
994.868328789284,-5338.12826621886,4053.04574183587
1311.39754228268,-5089.95451656848,4277.23841699162
1621.88216050956,-4818.31938418451,4481.71591081278
1924.89357398918,-4524.48238941118,4665.54266654844
2219.03874547175,-4209.80491613397,4827.87933552789
2502.96665804508,-3875.74371564473,4967.98655587477
2775.37454542521,-3523.84397747833,5085.22824648864
3035.01387528107,-3155.73200357975,5179.07440303888
3280.69605805411,-2773.10752380245,5249.10338544521
3511.29785548321,-2377.73569210276,5295.00368905622
3725.76646486933,-1971.43880395329,5316.57519444563
3923.12425707596,-1556.08777633444,5313.72989343475
4102.47314825479,-1133.593432313,5286.49209157225
4262.99858736838,-705.897632570964,5234.99808986516
4403.97314368186,-274.964296408937,5159.4953510314
4524.75968053958,157.229645354528,5060.34115792678
4624.81410388154,588.703323448412,4938.00077407735
4703.68767610187,1017.48098755341,4793.0451184097
4761.02888797331,1441.60100709695,4626.14796831428
4796.58488346164,1859.12477535806,4438.08270708978
4810.20243431111,2268.14547781558,4229.71863360247
4801.82846329467,2666.79668684138,4002.01685364314
4771.51011697798,3053.26074612892,3756.02577398366
4719.39439074077,3425.77690965513,3492.87622151913
4645.72731062666,3782.64920148346,3213.77621113417
4550.85267834931,4122.25396430669,2920.00538705924
4435.21038746504,4443.04706630476,2612.90916347881
4299.33432032933,4743.57073762201,2293.89259103472
4143.84983698996,5022.46000955078,1964.41397663911
3969.47086861635,5278.44873135869,1625.9782846438
3776.99662945341,5510.37514154048,1280.1303479839
3567.30796258983,5717.18697218731,928.447918347241
3341.36333606013,5897.94606708627,572.534584768902
3100.19450697188,6051.83249609217,214.012590327317
2844.9018724343,6178.14815027895,-145.484423223412
2576.64952710145,6276.31980433664,-504.318712942468
2296.66004810321,6345.90163466206,-860.855744363628
2006.20902904469,6386.57718357641,-1213.47148343351
1706.61938559699,6398.16076210111,-1560.55964096748
1399.25545598774,6380.59828572955,-1900.53884006847
1085.51692043244,6333.96753965013,-2231.85967722456
766.832564207319,6258.47787190353,-2553.01164816124
444.653909694187,6154.46931499838,-2862.52990992444
120.44874326593,6022.41113856122,-3159.00185118168
-204.305436613974,5862.89983766268,-3441.07344328495
-528.128023275596,5676.65656354062,-3707.4553452892
-849.541930542729,5464.52400553135,-3956.92873684839
-1167.08021878293,5227.46273512192,-4188.35085372227
-1479.29269061944,4966.54702514594,-4400.66020152895
-1784.75242847114,4682.96015926111,-4592.88142437042
-2082.0622460214,4377.98924896748,-4764.12980604472
-2369.86102575631,4053.01957752762,-4913.61538275388
-2646.82991482426,3709.52849226164,-5040.64664749932
-2911.69835169811,3349.07886877125,-5144.6338277564
-3163.24989646308,2973.31217269123,-5225.09171952705
-3400.32783799234,2583.94114659174,-5281.64206247726
-3621.84055183906,2182.74215162602,-5314.01544258937
-3826.76658338122,1771.54719539983,-5322.05271059369
-4014.1594315663,1352.23567938296,-5305.70590637575
-4183.15200956744,926.725900913021,-5265.03868159862
-4332.96075976278,496.966346461258,-5200.22621491794
-4462.88940168427,64.9268143395045,-5111.55461639718
-4572.33229296215,-367.410593609365,-4999.41982004627
-4660.77738481245,-798.060570592473,-4864.32596579524
-4727.80875527233,-1225.04375193439,-4706.88327466876
-4773.10870518433,-1646.39586800748,-4527.80542342941
-4796.45940385435,-2060.17685975238,-4327.90642750082
-4797.74407335869,-2464.47991310383,-4108.09704353971
-4776.94770263876,-2857.44036843655,-3869.38070559576
-4734.15728479122,-3237.24446121119,-3612.84901134387
-4669.56157332393,-3602.13785029576,-3339.67677739832
-4583.45035558888,-3950.43389101592,-3051.11668517865
-4476.21324410817,-4280.52161082274,-2748.49354118875
-4348.33798906286,-4590.87334656575,-2433.1981778737
-4200.40831779595,-4880.05200374337,-2106.68102339736
-4033.10130977185,-5146.71789974795,-1770.4453707306
-3847.18431802213,-5389.63515502061,-1426.04037834394
-3643.51145065575,-5607.67759820593,-1075.05383650685
-3423.01962852115,-5799.8341537907,-719.104734739436
-3186.72423753123,-5965.2136833567,-359.835667271102
-2935.71439651237,-6103.04925441315,1.09488551872156
-2671.14786365727,-6212.70181382456,362.020360847773
-2394.24560676415,-6293.66324605596,721.273962999782
-2106.28606438848,-6345.55879981867,1077.19651867733
-1808.59912681689,-6368.14887017982,1428.14429827689
-1502.55986736678,-6361.33012677446,1772.49676326904
-1189.58205592615,-6325.13598239923,2108.66420025322
-871.11148783762,-6259.73639994494,2435.09520291754
-548.61916221491,-6165.43703930927,2750.28396403024
-223.594344539693,-6042.67774959422,3052.77734073041
102.462451090843,-5892.03041550117,3341.18165776642
428.046524385511,-5714.19617036997,3614.16921491158
751.656060209232,-5510.0019917292,3870.48446659023
1071.79917327289,-5280.39669851702,4108.94984372198
1387.00089095778,-5026.44637226525,4328.47118994259
1695.81003966136,-4749.32922749804,4528.0427866529
1996.80600086197,-4450.32995934906,4706.75194377554
2288.60530408568,-4130.83359895615,4863.78313561892
2569.86802515412,-3792.31890949774,4998.42166386905
2839.30395943163,-3436.3513578229,5110.05683239634
3095.67854130697,-3064.57569844438,5198.18462128407
3337.81848277305,-2678.70820825857,5262.4098502101
3564.61710574959,-2280.52861165817,5302.44782405193
3775.03934465446,-1871.87173677684,5318.12545628931
3968.12639768594,-1454.61894441921,5309.38186844923
4143.00000731314,-1030.68937177581,5276.26846645213
4298.86635254107,-602.031033365266,5218.94849725853
4435.0195376465,-170.611821706737,5137.69609167133
4550.84466421226,261.589549895607,5032.89480150692
4645.82047543574,692.592620425518,4905.03564159889
4719.52156382806,1120.42422860574,4754.71464923178
4771.62013553846,1543.12749397435,4582.62997561334
4801.88732662804,1958.77069173446,4389.5785258776
4810.19406866528,2365.45598258365,4176.4521658616
4796.51150301433,2761.32795991947,3944.23351552026
4760.91094512878,3144.58197814728,3693.9913503248
4703.56340204221,3513.4722272412,3426.87563334692
4624.73864805745,3866.31952024199,3144.11220195155
4524.80386537485,4201.51876199427,2846.9971341121
4404.22185806789,4517.54606909756,2536.89082034446
4263.5488493965,4812.96551282133,2215.2117680833
4103.43187397064,5086.43545849836,1883.43016609042
3924.60577770711,5336.71447677852,1543.06123708906
3727.88983988568,5562.66680398987,1195.65840734854
3514.1840328977,5763.26733075856,842.806322364651
3284.46493650223,5937.60609995879,486.113738120327
3039.78132454109,6084.89229701814,127.206317634575
2781.2494431504,6204.45771755095,-232.280637323174
2510.04800051845,6295.75969926562,-590.709489404648
2227.41288918774,6358.38350707254,-946.447573797047
1934.63166278958,6392.04416230766,-1297.87448141277
1633.03778993144,6396.58770898623,-1643.38928743497
1324.00470872659,6371.99191201139,-1981.41769572471
1008.93970616872,6318.36638428115,-2310.41906988915
689.277647217549,6235.95214166917,-2628.89332216789
366.474579050879,6125.12058689718,-2935.38763174177
42.0012364884488,5986.37192537367,-3228.50296456882
-282.663524935569,5820.33301814077,-3506.90036744715
-606.039341351208,5627.75467915504,-3769.30700966333
-926.650971138927,5409.50842621871,-4014.52194633889
-1243.03491619488,5166.58269698408,-4241.42157841573
-1553.74600614513,4900.07854356429,-4448.96478514735
-1857.36391764975,4611.20482140214,-4636.19770597545
-2152.49960090617,4301.27289015802,-4802.25814978986
-2437.80158549706,3971.69084650092,-4946.37961077263
-2711.96213789118,3623.95731077159,-5067.89487135366
-2973.72324315256,3259.65479156416,-5166.23917422325
-3221.88238376076,2880.44265433829,-5240.9529468721
-3455.29808895,2488.04972214055,-5291.68406378071
-3672.89522854295,2084.26653850585,-5318.18963311578
-3873.67002600068,1670.93732446665,-5320.33729665607
-4056.69476625772,1249.95166341629,-5298.10603362924
-4221.12217490905,823.23594927222,-5251.58646120616
-4366.1894464412,392.744634995998,-5180.98062656085
-4491.22190047818,-39.5486800174472,-5086.60128765541
-4595.63624642084,-471.660283828218,-4968.87068224366
-4678.94343841533,-901.605466106131,-4828.3187869927
-4740.75110427729,-1327.40767054722,-4665.58107108811
-4780.76553382531,-1747.10764275008,-4481.39575120289
-4798.79321403337,-2158.77253016322,-4276.6005572563
-4794.74190048924,-2560.50489034349,-4052.12902095472
-4768.62121683662,-2950.45156363786,-3809.00630166813
-4720.54277617177,-3326.81236651159,-3548.34456674333
-4650.71982074734,-3687.84856211921,-3271.33794585971
-4559.46637879437,-4031.89106534553,-2979.25708148444
-4447.19593979343,-4357.34834044118,-2673.44329985867
-4314.4196520812,-4662.71395056685,-2355.30242920219
-4161.74404927683,-4946.57371996715,-2026.29829400822
-3989.86831459114,-5207.61247124501,-1687.94591627637
-3799.58109466927,-5444.62030214765,-1341.80445641203
-3591.75687715798,-5656.49836850861,-989.469928188089
-3367.35194867405,-5842.26414245374,-632.567723643878
-3127.39995226657,-6001.0561176611,-272.744985075662
-2873.00706577708,-6132.13793636553,88.3371376849446
-2605.3468247,-6234.90191588066,449.011305694979
-2325.65461520888,-6308.87195566026,807.61184544853
-2035.22186492206,-6353.70580931245,1162.48259965747
-1735.38996071819,-6369.19670948614,1511.98473431546
-1427.54392446691,-6355.2743371427,1854.50446229501
-1113.10587889302,-6312.00513037839,2188.46064418685
-793.528336935813,-6239.59193164463,2512.31222780569
-470.287348900742,-6138.37297589612,2824.56548873793
-144.875542391811,-6008.82022584808,3123.78103551909
181.204909504408,-5851.53706411768,3408.58054444649
506.449356068669,-5667.25535553327,3677.65319067631
829.35773710874,-5456.83189628654,3929.76174409897
1148.44161591197,-5221.24426985928,4163.74830050479
1462.23114190895,-4961.58613274931,4378.53962073966
1769.28190861512,-4679.06195592824,4573.15205287952
2068.18167325997,-4374.98125067948,4746.69601489762
2357.5569055735,-4050.75230994198,4898.38001785952
2636.07913440414,-3707.8754985614,5027.51421229683
2902.47106224847,-3347.93612785403,5133.51344310647
3155.51241929744,-2972.59695167602,5215.89980103416
3394.04553030302,-2583.59032267253,5274.30466154457
3616.98056932719,-2182.71004868645,5308.47020459437
3823.30047935993,-1771.8029902649,5318.25041153828
4012.06553575,-1352.76044097595,5303.61153804767
4182.41753443644,-927.509332750264,5264.63206452159
4333.58358806877,-498.003308705399,5201.50212799112
4464.87951521565,-66.2137059669877,5114.52244195125
4575.71281001432,365.879509209892,5004.10271288698
4665.58518175283,796.296812100105,4870.75956448409
4734.09465601562,1223.06815462836,4715.11398261906
4780.93723113498,1644.24192440122,4537.888296203
4805.9080857711,2057.8937880379,4339.90271080818
4808.90233548113,2462.13538028333,4122.07141372336
4789.91533812262,2855.12280161442,3885.3982706698
4749.04254986344,3235.06488839068,3630.97213586819
4686.47893543356,3600.23122106977,3359.96179846114
4602.51793804708,3948.95983755261,3073.61058949098
4497.55001614552,4279.66462035538,2773.23067469754
4372.06075575543,4590.84232802089,2460.19705933019
4226.62856883471,4881.07924291056,2135.94133202047
4061.92198946114,5149.0574093768,1801.94517542692
3878.69658115012,5393.56043811824,1459.73367200766
3677.79146992244,5613.47885443283,1110.86843374646
3460.12551901968,5807.81496997839,756.940585073406
3226.69316235596,5975.68725958981,399.563628514689
2978.55991493501,6116.3342266372,40.3662228435366
2716.85757951422,6229.11774238043,-319.015096376905
2442.77916980255,6313.52584674068,-676.943223900213
2157.57357141045,6369.17499989565,-1031.78778962197
1862.53996264588,6395.81177609553,-1381.93243128609
1559.02201806947,6393.31399309852,-1725.78200539834
1248.40191847327,6361.69127263791,-2061.76970692052
932.094191653718,6301.08502935326,-2388.36406862165
611.539408991015,6211.76788765379,-2704.07581134612
288.197763428826,6094.14252802706,-3007.46451691729
-36.457445019823,5948.73996636615,-3297.1450959165
-360.946389656549,5776.21727195906,-3571.79402319051
-683.789336381857,5577.3547318702,-3830.15531461987
-1003.51327456023,5353.05247153843,-4071.04621945273
-1318.65853188289,5104.32654352291,-4293.36260336088
-1627.78534545665,4832.30449844342,-4496.08399831908
-1929.48036125092,4538.22045427135,-4678.27829645273
-2222.36303399989,4223.40968225623,-4839.10606612508
-2505.09189975194,3889.30272986245,-4977.82446978609
-2776.37069341017,3537.41910320236,-5093.79076443387
-3034.95428389727,3169.36053351191,-5186.46536699612
-3279.65439997095,2786.80385424238,-5255.41446849522
-3509.34512019728,2391.49351736949,-5300.31218251797
-3722.96810125331,1985.23377940825,-5320.94221529867
-3919.53751945577,1569.88058953285,-5317.19904659553
-4098.14470132182,1147.33321395357,-5289.08861253331
-4257.9624199806,719.525632410615,-5236.72848367209
-4398.24883543146,288.417744189244,-5160.34753374581
-4518.35105793998,-144.013577478676,-5060.28509678729
-4617.70831531832,-575.783542490094,-4936.98961270728
-4695.85470641865,-1004.9085711474,-4791.01676381848
-4752.42152489689,-1429.41544942559,-4623.02710727265
-4787.13913916039,-1847.35046926316,-4433.78321090469
-4799.83841640081,-2256.78851038098,-4224.14630252739
-4790.45168071776,-2655.84201981186,-3995.0724452901
-4759.01319755665,-3042.66984526229,-3747.60825427046
-4705.6591789983,-3415.48587859208,-3482.88617201086
-4630.62730684102,-3772.56746613618,-3202.11932320424
-4534.25577288991,-4112.26354328959,-2906.59597116649
-4416.98183839674,-4433.00245174616,-2597.67360107839
-4279.33991716798,-4733.29939900383,-2276.77265723853
-4121.95918943868,-5011.76352128556,-1945.3699636629
-3945.56075621293,-5267.10451276083,-1604.99185937714
-3750.95434633202,-5498.13878601486,-1257.20708153109
-3539.03459107029,-5703.7951309768,-903.619431113972
-3310.77688352704,-5883.1198420429,-545.860257473939
-3067.23284247363,-6035.28128586853,-185.580799066847
-2809.52540260245,-6159.57388524689,175.555581150445
-2538.84355529318,-6255.42149761707,535.881226510304
-2256.43676603585,-6322.38017003167,893.732043933484
-1963.60909652096,-6360.14025583421,1247.45534780615
-1661.7130610989,-6368.52788182716,1595.41765051188
-1352.14324882208,-6347.50575832097,1936.01235995252
-1036.32974357842,-6297.17332811773,2267.66734492286
-715.73137593394,-6217.76625416753,2588.8523299598
-391.828841155473,-6109.65524931207,2898.08608232803
-66.117718552793,-5973.34425517289,3193.94335503723
259.898572316898,-5809.46798081471,3475.06155128343
584.715842842428,-5618.78881529803,3740.1470773888
906.836198254128,-5402.19313159718,3987.98135320456
1224.77505679215,-5160.68700257663,4217.42645100537
1537.06809020001,-4895.3913527721,4427.43033612251
1842.27805129639,-4607.53657258419,4617.03168492605
2139.00145527997,-4298.45662414576,4785.36425824387
2425.87508249848,-3969.58267057171,4931.66081086951
2701.58227169362,-3622.43626248915,5055.2565204649
2964.85897415195,-3258.62211771195,5155.59192185376
3214.49954076974,-2879.82053162712,5232.21533542834
3449.3622157356,-2487.7794573279,5284.78478112363
3668.37431237295,-2084.30629569393,5313.0693721426
3870.53704857329,-1671.25943659771,5316.95018529933
4054.93002126264,-1250.53959307908,5296.420607498
4220.71530139418,-824.080970777695,5251.58616044268
4367.14113305374,-393.842315133917,5182.66380817526
4493.5452224064,38.2021211788462,5089.98075444876
4599.35760434746,470.07164834799,4973.9727392503
4684.10307687009,899.788205255571,4835.18184598335
4747.40319529252,1325.38537990136,4674.25383289384
4788.97782059285,1744.9173440774,4491.93500427446
4808.64621817106,2156.46766293204,4289.06863880335
4806.32770538291,2558.1579411958,4066.59099405624
4782.04184816184,2948.15626908185,3825.52690779412
4735.90820895776,3324.68543227272,3566.98501803863
4668.14565006713,3686.03085186758,3292.15262524608
4579.07119820537,4030.54822174768,3002.29022104498
4469.09847787685,4356.67081246174,2698.7257090405
4338.73572272496,4662.91641245661,2382.84834409699
4188.58337559646,4947.89387925054,2056.10241730453
4019.33128953539,5210.30927495725,1719.98071452929
3831.75554331376,5448.9715624471,1376.01777700216
3626.71488644042,5662.79784030076,1025.78299289565
3405.14682983566,5850.81809663921,670.873549199908
3168.063399548,6012.17946383815,312.907273508672
2916.54657199547,6146.14995809377,-46.4846044887849
2651.74341026681,6252.12168976366,-405.664741886707
2374.86092199753,6329.6135323846,-762.996991858111
2087.16066025683,6378.27324025314,-1116.85370345016
1789.95308974298,6397.87900644857,-1465.62298207432
1484.59174138586,6388.34045518289,-1807.71588107256
1172.46717919744,6349.69906437613,-2141.57349499825
855.000803903582,6282.12801638097,-2465.67392557219
533.638518508647,6185.93147681655,-2778.53909168457
209.844281529933,6061.54330352243,-3078.74135527056
-114.906425865317,5909.52518970289,-3364.90993545061
-439.133192124465,5730.5642474101,-3635.73708393674
-761.357299905296,5525.47003959933,-3889.9839954216
-1080.10835561059,5295.17107108971,-4126.4864274499
-1393.93089622642,5040.710750872,-4344.16000514943
-1701.3909456635,4763.24284031784,-4542.00518716739
-2001.08249271063,4464.02640396646,-4719.11187021568
-2291.63386272312,4144.42028166962,-4874.6636107967
-2571.71395525118,3805.87710299402,-5007.94144393399
-2840.03832002653,3449.93686685336,-5118.32728010913
-3095.37504401371,3078.22011142134,-5205.3068630718
-3336.55042266063,2692.42070139106,-5268.47227277942
-3562.45438901341,2294.29826163029,-5307.52395941187
-3772.04567501454,1885.67028821211,-5322.27229620674
-3964.35668010199,1468.40396963145,-5312.63864077125
-4138.49802313771,1044.40775279829,-5278.65589653712
-4293.66275476475,615.622690033793,-5220.46856813748
-4429.13020848019,184.013604856345,-5138.33230669065
-4544.26947005901,-248.439884266143,-5032.61294326857
-4638.54244644302,-679.752441767665,-4903.78501119667
-4711.50651682895,-1107.94215292046,-4752.42976026953
-4762.81675044903,-1531.03967944369,-4579.23266845755
-4792.22767742673,-1947.09738967213,-4384.98045921142
-4799.59460110615,-2354.19841968549,-4170.55763503013
-4784.87444238724,-2750.46562155366,-3936.94254051998
-4748.12610883969,-3134.07035482255,-3685.20297073697
-4689.51038370701,-3503.24107761937,-3416.49134312572
-4609.2893323324,-3856.27169424146,-3132.03945385538
-4507.82522602838,-4191.52961685619,-2833.15284176735
-4385.57898595075,-4507.4634999798,-2521.20478546783
-4243.10815211731,-4802.61060769016,-2197.62996132807
-4081.06438530114,-5075.60377511175,-1863.91779223364
-3900.19051211398,-5325.1779275477,-1521.60551886023
-3701.31712616528,-5550.17612271506,-1172.27102703687
-3485.35876069424,-5749.55508389306,-817.525466326996
-3253.30965053208,-5922.39019435703,-459.00569635245
-3006.23910361512,-6067.87992626713,-98.3665985431624
-2745.28650453063,-6185.34968016837,262.726708067463
-2471.65597471451,-6274.2550144242,622.606707683489
-2186.61071590578,-6334.18424722949,979.611345465853
-1891.46706529522,-6364.86041729613,1332.09186217506
-1587.58829245134,-6366.14259285839,1678.42056585496
-1276.37816956821,-6338.02652226896,2016.99850099675
-959.274347838313,-6280.64462312903,2346.26297620023
-637.741573779922,-6194.26531057909,2664.69491219852
-313.264780191176,-6079.2916690513,2970.82597316417
12.6579130279302,-5936.25947540861,3263.24544555134
338.522252563694,-5765.83458495401,3540.60683024286
662.824924141282,-5568.80969524718,3801.63411552062
984.070608089025,-5346.10050599593,4045.12770030601
1300.77898268162,-5098.74129646884,4269.96993922067
1611.49164046391,-4827.8799448857,4475.13028327343
1914.7788835119,-4534.77241705037,4659.66999237475
2209.24636451977,-4220.77675410749,4822.74639837186
2493.5415417512,-3887.34659166991,4963.61669990081
2766.35991718457,-3536.02424472134,5081.641273
3026.45102864895,-3168.43339459658,5176.28648413832
3272.62416836908,-2786.27141597033,5247.12699504573
3503.75380204764,-2391.30138320429,5293.84755145611
3718.78466447296,-1985.34379651925,5316.24425059837
3916.73650957323,-1570.26806933568,5314.22528495081
4096.70849484047,-1147.98381877015,5287.81116240249
4257.88318212057,-720.432001652037,5237.13440553042
4399.53013887661,-289.575938568522,5162.43873518049
4521.00912616301,142.607731621307,5064.07774592609
4621.77286169587,574.138124658208,4942.51308325992
4701.36934854778,1003.0391694892,4798.31213454103
4759.44376212112,1427.34861163979,4632.14524776377
4795.73989015171,1845.12692123282,4444.78249413626
4810.10112255662,2254.46606655927,4237.08999224049
4802.47098995119,2653.49811524852,4010.02581320881
4772.89325162031,3040.40362639796,3764.63548786219
4721.51153562371,3413.4197983979,3502.04713815804
4648.56853554596,3770.84833871342,3223.46625654235
4554.40477016112,4111.06302346408,2930.1701579381
4439.4569139646,4432.51691632504,2623.50213009416
4304.25570814172,4733.74921797786,2304.86530892551
4149.42346306641,5013.39171916384,1975.71630621015
3975.67116489067,5270.17483218678,1637.5586176949
3783.79520016248,5502.93317759958,1291.93584019558
3574.67371371859,5710.61070469913,940.424726731378
3349.26261633603,5892.26532637192,584.628109090524
3108.59125978913,6047.07305077434,226.16771748508
2853.75779805654,6174.33159428295,-133.323072867333
2585.92425445634,6273.46346211626,-492.206538297117
2306.3113154514,6344.01848500854,-848.847916420642
2016.19287277425,6385.67580230194,-1201.62269916662
1716.89033636991,6398.24528381973,-1548.92387932168
1409.76674143594,6381.66838489118,-1889.16912103679
1096.22067358007,6336.01843091433,-2220.8078249964
777.680036771715,6261.50032987096,-2542.328059316
455.595689400879,6158.44971324905,-2852.26332762599
131.434974292747,6027.33150787845,-3149.19914631398
-193.32483096335,5868.7379432517,-3431.77940344753
-517.203116580833,5683.38600098077,-3698.71247254704
-838.72256888396,5472.11431512924,-3948.77705510657
-1156.41579689994,5235.87953426126,-4180.82772656649
-1468.83192955075,4975.75215815991,-4393.80016133914
-1774.54315561601,4692.91186428118,-4586.71601348124
-2072.15117857302,4388.64234112619,-4758.68743069058
-2360.29355844108,4064.32564783117,-4908.92118048775
-2637.64991288652,3721.4361213688,-5036.72236873557
-2902.94795005545,3361.53385484902,-5141.497732036
-3154.96930594897,2986.2577724422,-5222.75848705255
-3392.55515957231,2597.31832849993,-5280.12272140386
-3614.61159968703,2196.48986037201,-5313.31731250601
-3820.11471765712,1785.6026263602,-5322.17936255754
-4008.11540171538,1366.53456205777,-5306.65713979986
-4177.74380892883,941.202790060628,-5266.81051822086
-4328.21349222778,511.554919683794,-5202.81091000544
-4458.82516110807,79.5601747980216,-5114.94068726365
-4568.97005597954,-352.799610706608,-5003.59209187992
-4658.13291765555,-783.539089124459,-4869.26563471341
-4725.89453513042,-1210.67854505529,-4712.56798783046
-4771.9338565818,-1632.25304883795,-4534.20937595378
-4796.02965045702,-2046.32157405096,-4335.00047584994
-4798.06170554648,-2450.97603539909,-4115.84883493967
-4778.0115611077,-2844.35020310294,-3877.75482298379
-4735.96276037026,-3224.62844997111,-3621.80713324077
-4672.10062310981,-3590.0542876109,-3349.17785202316
-4586.71153541907,-3938.93864880897,-3061.11711803974
-4480.18175730555,-4269.66787393942,-2758.94739530374
-4352.9957513016,-4580.71136033689,-2444.05738570347
-4205.73403784438,-4870.6288349747,-2117.89560948937
-4039.07058578815,-5138.07721238087,-1781.9636840224
-3853.76974898607,-5381.81700165691,-1437.80933300011
-3650.68276243543,-5600.71822860551,-1087.01916011242
-3430.7438139909,-5793.76584136552,-731.211222625731
-3194.9657100755,-5960.06457059272,-372.027441707495
-2944.43515617257,-6098.84321805244,-11.1258874323832
-2680.30767510562,-6209.45835053381,349.827022725103
-2403.80218822012,-6291.397379196,709.164372461849
-2116.19528652963,-6344.28100781463,1065.22660245323
-1818.81522067832,-6367.86503687135,1416.3693334342
-1513.03564017437,-6362.04151400348,1760.97111672599
-1200.26911376335,-6326.83922496906,2097.44107276221
-881.960464004212,-6262.4235229592,2424.22637882275
-559.579950118043,-6169.09549777564,2739.81956805573
-234.616333921502,-6047.29049005339,3042.76560302735
91.4301357877525,-5897.57595932198,3331.66868838638
417.054784726634,-5720.64871823229,3605.19878882249
740.755584757036,-5517.33154870377,3862.09782028369
1061.04020005662,-5288.56921904119,4101.18548439367
1376.43297260483,-5035.42392421214,4321.3647181496
1685.48181235262,-4759.07017443607,4521.62673327572
1986.76495823427,-4460.78916000588,4701.05562202264
2278.89757717955,-4141.96262280848,4858.83250873264
2560.53816945027,-3804.06626734471,4994.23922909444
2830.39474998013,-3448.66274612594,5106.66152168876
3087.23077689601,-3077.39425616189,5195.59171913656
3329.87080002275,-2691.97478486116,5260.63092888831
3557.20580396654,-2294.1820449523,5301.49069643615
3768.19822220355,-1885.84913915345,5317.99414642706
3961.88660057917,-1468.855996105,5310.07659983566
4137.38989063829,-1045.12061966271,5277.7856679672
4293.91135528962,-616.59019397099,5221.28082660513
4430.74207142076,-185.23208683533,5140.83247607714
4547.26401622282,246.975206223121,5036.82049537491
4642.95272612791,678.051135186683,4909.73230071665
4717.37951940255,1106.02214452935,4760.16042108003
4770.21327556109,1528.93065719632,4588.79960524758
4801.22176685258,1944.84395368755,4396.44347679583
4810.27253912571,2351.86290741371,4183.98075521463
4797.33334137572,2748.13053868524,3952.39106296433
4762.47210522103,3131.84035100054,3702.74033977546
4705.85647743892,3501.24441474649,3436.17588684296
4627.75291050173,3854.66116493659,3153.92106480127
4528.52531779665,4190.48288123187,2857.26967046031
4408.63330188176,4507.18282016536,2547.58001826465
4268.62996571565,4803.32197125821,2226.26875327328
4109.15931832681,5077.55541047395,1894.80442323381
3930.95328781191,5328.63822634433,1554.70083791069
3734.82835593011,5555.43099593572,1207.51024438994
3521.68182984278,5756.90478974862,854.816347488373
3292.48776777003,5932.14568655892,498.227204736563
3048.29257648285,6080.35878115427,139.36802564559
2790.21029963054,6200.87166987551,-220.12609487384
2519.41761691964,6293.13740084175,-578.617478992658
2237.14857511179,6356.73687771803,-934.473174399599
1944.68907269994,6391.38070787334,-1286.0722388208
1643.37112095571,6396.91048777569,-1631.81297089758
1334.5669048127,6373.29952048102,-1970.12005791888
1019.68266776271,6320.65296209045,-2299.45161119948
700.152445615556,6239.20739608314,-2618.30606024113
377.431674550651,6129.32983647227,-2925.22887727354
52.9906994549516,5991.51616278986,-3218.81910425433
-271.691790993835,5826.38899197197,-3497.73565500967
-595.135375612314,5634.69499429866,-3760.70336585087
-915.864531129178,5417.30166263583,-4006.5187687504
-1232.41525421946,5175.1935463278,-4234.05556199196
-1543.34164742552,4909.46796320574,-4442.26975412458
-1847.22244111531,4621.33020528735,-4630.20445806925
-2142.66742357861,4312.08825586395,-4796.99431333104
-2428.32375141277,3983.14703777974,-4941.869515481
-2702.88211249318,3636.00221480684,-5064.15943338454
-2965.08271407331,3272.23357009444,-5163.29579607231
-3213.72106890805,2893.49798772896,-5238.81543267299
-3447.65355278739,2501.52206541953,-5290.36255047083
-3665.8027074298,2098.09438832151,-5317.69053788379
-3867.16226343802,1685.05749585127,-5320.66328102268
-4050.80185885024,1264.29957518517,-5299.25598444255
-4215.87142981549,837.745916839027,-5253.55548876247
-4361.60525105216,407.350169316067,-5183.7600799866
-4487.32560500714,-24.9145686932159,-5090.17878760914
-4592.44606004937,-457.064778761759,-4973.23017091573
-4676.47433957628,-887.115634846181,-4833.44059529873
-4739.01476560087,-1313.09015510467,-4671.4420028674
-4779.77026220883,-1733.02835063274,-4487.96918414789
-4798.54390622757,-2144.99632774739,-4283.85656021152
-4795.24001452137,-2547.09530006194,-4060.03448713942
-4769.86475951533,-2937.4704664751,-3817.52509728559
-4722.52630683893,-3314.31971127767,-3557.43769435934
-4653.43447136056,-3675.90208296402,-3280.96372184533
-4562.89989033985,-4020.54600894582,-2989.37132673895
-4451.33271494162,-4346.65720426298,-2683.99954294536
-4319.24082391252,-4652.72623355387,-2366.25212096132
-4167.22756581575,-4937.33568695831,-2037.59103263651
-3995.98903879842,-5199.16693236334,-1699.52968179456
-3806.31091945742,-5437.00640832644,-1353.62585338787
-3599.06485490913,-5649.75142424458,-1001.47443552617
-3375.20443465463,-5836.41543679175,-644.699950203345
-3135.76076125655,-5996.13277431614,-284.948929844434
-2881.83764115039,-6128.16278379128,76.1178221706341
-2614.60641912511,-6231.89337798257,436.833048013116
-2335.30048206847,-6306.84396374132,795.530889382468
-2045.20945948912,-6352.66773572221,1150.55473906819
-1745.67315007038,-6369.15332332335,1500.2650501448
-1438.07520507325,-6356.2257822392,1843.04706303681
-1123.8366007586,-6313.94692566764,2177.3184111499
-804.408933166819,-6242.51499389409,2501.53656645125
-481.267569508375,-6142.26366465731,2814.20608735547
-155.904691147268,-6013.66041035621,3113.88563244452
170.177736369385,-5857.30421175287,3399.1947049817
495.475030527844,-5673.92264133678,3668.82009481152
818.486860578549,-5464.36833291456,3921.52198606981
1137.72428225702,-5229.61485724764,4156.13970114832
1451.71670339197,-4970.7520266623,4371.59705353433
1759.01874594356,-4688.98065446908,4566.90728447487
2058.21697085296,-4385.60679774812,4741.17756085664
2347.93643312514,-4062.035514554,4893.61301424284
2626.84703578692,-3719.76416885786,5023.52030363581
2893.66965273856,-3360.37531858122,5130.31068721326
3147.18199206337,-2985.5292238412,5213.50259101168
3386.22417302617,-2596.95601405274,5272.72366525991
3609.7039917691,-2196.44755381815,5307.71232179175
3816.6018526243,-1785.84904851411,5318.31874867573
4005.97534391776,-1367.05043126932,5304.5054008521
4176.96343918427,-941.977573531018,5266.34696817054
4328.79030680653,-512.58336168049,5204.02982474559
4460.76871321087,-80.8386822037315,5117.85096598305
4572.30300689487,351.27664225937,5008.21644196739
4662.89167270942,781.782924059454,4875.63929812636
4732.12944795186,1208.70964752691,4720.73703619907
4779.70899394287,1630.10443123126,4544.228610517
4805.42211883959,2044.04187586244,4346.93097646594
4809.16054947754,2448.63225918037,4129.75520971817
4790.91625201995,2842.03004069197,3893.70221641924
4750.78130312322,3222.44214007286,3639.85805596578
4688.9473151912,3588.13595479097,3369.38889934284
4605.70442108792,3937.44708394854,3083.53564717939
4501.43982540116,4268.78672698607,2783.60823275008
4376.63593099916,4580.64872758968,2470.97963609812
4231.86805119718,4871.61623490331,2147.07963628209
4067.80171934341,5140.36795596347,1813.38832945319
3885.18960906241,5385.6839751062,1471.42944109159
3684.86807973176,5606.45111799655,1122.76346121189
3467.75336304844,5801.66783982327,768.980631768846
3234.83740773583,5970.44861914151,411.69381579068
2987.1834005798,6112.02784078495,52.5312780008939
2725.92098304452,6225.76315323288,-306.870593177955
2452.24118371849,6311.13828778852,-664.874592286026
2167.39108778103,6367.76532890637,-1019.85000221678
1872.66826555401,6395.38642699877,-1370.17986849541
1569.41498302372,6393.87494705282,-1714.26821276627
1259.01221797329,6363.23604840068,-2050.54715605247
942.873506078505,6303.60669300813,-2377.48392264694
622.438641946233,6215.25508167926,-2693.5876958943
299.167260686116,6098.57951962273,-2997.41629754832
-25.4676738890901,5954.1067148807,-3287.58266294059
-349.986447856426,5782.48951519584,-3562.76108478224
-672.909215595851,5584.50409097436,-3821.69319911105
-992.762630713126,5361.04657409886,-4063.19368765964
-1308.08646189651,5113.12916445123,-4286.15567177132
-1617.44016594307,4841.87571811891,-4489.55577393234
-1919.40939008393,4548.51683337283,-4672.45882402602
-2212.61237571182,4234.38445262447,-4834.02218854402
-2495.70623569037,3900.90600067336,-4973.49970222851
-2767.39307758827,3549.59808165464,-5090.24518295305
-3026.42594546144,3182.05975916009,-5183.71551209845
-3271.61455318213,2799.965446055,-5253.47326422807
-3501.83078282163,2405.05743250077,-5299.18887153288
-3716.01392221985,1999.1380826268,-5320.64231028723
-3913.17561661745,1584.06173218035,-5317.72429843226
-4092.4045101214,1161.72632125281,-5290.43699539112
-4252.87055379058,734.064797876183,-5238.89419730274
-4393.82895828868,303.036329858214,-5163.32102304313
-4514.62377035442,-129.382636336914,-5064.05308867218
-4614.69105378163,-561.207429560113,-4941.53517029334
-4693.56165718347,-990.454279565193,-4796.31935773315
-4750.86355253605,-1415.14947202628,-4629.06270392557
-4786.32373035148,-1833.33849004592,-4440.52437740697
-4799.76963931098,-2243.09509866387,-4231.56232788213
-4791.13016029199,-2642.53032856981,-4003.12947738192
-4760.43610693467,-3029.80131512189,-3756.26945210354
-4707.8202472065,-3403.11994896352,-3492.11187255197
-4633.51684282287,-3760.7612949335,-3211.86722210842
-4537.86070585272,-4101.07173666864,-2916.8213165783
-4421.28577436953,-4422.47680524134,-2608.32939963288
-4284.32321157156,-4723.48865141991,-2287.80989129363
-4127.59903538894,-5002.71312261963,-1956.73781874789
-3951.83128818534,-5258.85640738383,-1616.63796076135
-3757.82675873148,-5490.73121226166,-1269.07773876557
-3546.47727116302,-5697.26243821625,-915.659889341624
-3318.75555811359,-5877.49232620443,-558.014954267594
-3075.71073759761,-6030.58504431263,-197.793625507248
-2818.46341551688,-6155.8306917601,163.341016468955
-2548.20043783517,-6252.64869820413,523.721331880481
-2266.16931849307,-6320.59060006499,881.682978691306
-1973.67237101357,-6359.34217900235,1235.57275759455
-1672.06057344723,-6368.72495120299,1583.75640499886
-1362.72719781876,-6348.69699974774,1924.62629434169
-1047.10123655158,-6299.3531459862,2256.60900656324
-726.640659440746,-6220.92445953251,2578.17273134644
-402.825535635427,-6113.77711017373,2887.83446172933
-77.1510557383182,-5978.41056862441,3184.16694595351
248.879510436046,-5815.45516663974,3465.80536187737
573.761884712874,-5625.66903048432,3731.4536809742
895.997844314326,-5409.93440512173,3979.89069080964
1214.10224308169,-5169.25338971153,4209.97564695553
1526.60995519483,-4904.74310805969,4420.65352750974
1832.08270711592,-4617.63034053605,4610.95986575089
2129.11576437557,-4309.24564663611,4780.02513892845
2416.34444089775,-3981.01700981289,4927.07869375492
2692.45039982434,-3634.46303841097,5051.45219181274
2956.16771622466,-3271.18575849777,5152.58256078261
3206.28867363099,-2892.86303612105,5230.0144401189
3441.66926806351,-2501.24066795641,5283.40211254155
3661.23439500273,-2098.12418053739,5312.51091542796
3863.9826966885,-1685.3703791996,5317.21812888681
4048.99104911334,-1264.87868857041,5297.51333994113
4215.41867013349,-838.582326882071,5253.49828482991
4362.51083221445,-408.439356612246,5185.38617394252
4489.60216546493,23.5763460768836,5093.50050631294
4596.11953875059,455.484160848637,4978.27338291214
4681.58450882791,885.3057898471,4840.2433301755
4745.61532956831,1311.07428032054,4680.05264728202
4787.92851545065,1730.84296284541,4498.44429265616
4808.33995557232,2142.69426575747,4296.25832698693
4806.76557645515,2544.74836751215,4074.42793175281
4783.22155389754,2935.17164995619,3833.97502379784
4737.82407603709,3312.18491685993,3576.00548793184
4670.78866163752,3674.0713435429,3301.70405081915
4582.42903939146,4019.18412499097,3012.32882058609
4473.15559573912,4345.95379150897,2709.20551761896
4343.47340032767,4652.89516268549,2393.72142292505
4193.97981980196,4938.61391218329,2067.31907125892
4025.36173208367,5201.81271773018,1731.48971686546
3838.3923547068,5441.29697251151,1387.76660029681
3633.92770210536,5655.98003606353,1037.71804523118
3412.90268799812,5844.8880046873,682.940414591796
3176.32689021041,6007.16398332218,325.050955572383
2925.27999637634,6142.07184278254,-34.3194366437869
2660.90695002447,6248.99944821261,-393.533506547808
2384.41281752834,6327.46134659569,-750.954947399406
2097.05739732848,6377.10090313552,-1104.95570183157
1800.1495936957,6397.69187832213,-1453.92322415509
1495.04157810487,6389.13943949896,-1796.26767474043
1183.12276204397,6351.48060276086,-2130.42901709672
865.813605755639,6284.88410303816,-2454.88398861113
544.559288059968,6189.64969225861,-2768.15291628573
220.823262960512,6066.20686752691,-3068.80634930029
-103.919270738326,5915.11303332382,-3355.47148075982
-428.187960127431,5737.05110380132,-3626.83833161269
-750.503922140267,5532.82655333779,-3881.6656704268
-1069.39637337166,5303.36392561383,-4118.78664349847
-1383.40923813673,5049.70281358073,-4337.11409063729
-1691.10770697722,4772.99332480212,-4535.64552294126
-1991.08471772235,4474.49104877543,-4713.46773992563
-2281.9673312275,4155.55154494141,-4869.76106453796
-2562.42297399148,3817.62437220862,-5003.80317583917
-2831.16552006004,3462.24668289703,-5114.97252050272
-3086.9611849081,3091.03640608652,-5202.75128574723
-3328.63420443114,2705.68504735083,-5266.72791790761
-3555.07227267101,2307.95013388787,-5306.59917252383
-3765.23171258865,1899.64733593696,-5322.17168363697
-3958.14235496346,1482.64229724536,-5313.36304187884
-4132.91210141704,1058.8422091117,-5280.20237295223
-4288.73114861993,630.187164184918,-5222.8304102085
-4424.87585192923,198.64132774775,-5141.49905723092
-4540.71220804275,-233.816034381201,-5036.57043862216
-4635.6989377306,-665.199630932916,-4908.5154395623
-4709.39015132267,-1093.52728178052,-4757.91173713766
-4761.43758138294,-1516.82907365097,-4585.44132893099
-4791.59236888759,-1933.15649186518,-4391.88756689325
-4799.70639123486,-2340.59148452064,-4178.13170707537
-4785.73312254496,-2737.25541526969,-3945.14898836436
-4749.72801894569,-3121.31786082787,-3694.00425592313
-4691.84842387435,-3491.00520956564,-3425.84714756905
-4612.35299084459,-3844.60901803384,-3141.90686380494
-4511.60062361534,-4180.49408301765,-2843.48654463866
-4390.04893623409,-4497.10618775225,-2531.95727864298
-4248.25223801189,-4792.97948219328,-2208.75177195794
-4086.85905106475,-5066.74345884486,-1875.35770698829
-3906.60917065753,-5317.12948743159,-1533.31082253136
-3708.33028114346,-5542.97687381054,-1184.18774882459
-3492.9341428184,-5743.2384108406,-829.598632603995
-3261.41236745806,-5916.98539150004,-471.17958864286
-3014.83180268697,-6063.41205731545,-110.585015429294
-2754.32954758329,-6181.839458159,250.520186431055
-2481.10762406862,-6271.71870262551,610.468453788442
-2196.42733062471,-6332.63358151992,967.597418749019
-1901.60330671222,-6364.30255043092,1320.25774475293
-1597.99733792622,-6366.58006091492,1666.82090103608
-1287.01193338478,-6339.4572334393,2005.68683590261
