%Atmospheric Temperature [K],Atmospheric Pressure [Pa],Atmospheric Density [kg/m^3],Airspeed [m/s],Pitot Dynamic Pressure [Pa],Aux Dynamic Pressure [Pa],Applied Voltage [V],Angle of Attack [deg],Spanwise Location [in],Sting Normal Force [N],Sting Axial Force [N],Sting Pitching Moment [Nm],ELD Probe X axis [mm],ELD Probe Y axis [mm],Scanivalve Pressure 1 [Pa],Scanivalve Pressure 2 [Pa],Scanivalve Pressure 3 [Pa],Scanivalve Pressure 4 [Pa],Scanivalve Pressure 5 [Pa],Scanivalve Pressure 6 [Pa],Scanivalve Pressure 7 [Pa],Scanivalve Pressure 8 [Pa],Scanivalve Pressure 9 [Pa],Scanivalve Pressure 10 [Pa],Scanivalve Pressure 11 [Pa],Scanivalve Pressure 12 [Pa],Scanivalve Pressure 13 [Pa],Scanivalve Pressure 14 [Pa],Scanivalve Pressure 15 [Pa],Scanivalve Pressure 16 [Pa],%7/13/20229:25 AM
296.01,82743.078,0.974,29.939,436.432,501.216,6.357,10,1,3917.671,-2074.149,-104.296,-0.031,0.044,-331.449,-1141.622,-1132.956,-937.838,-732.539,-613.602,-500.542,-314.772,-186.473,9.815,3.276,13.836,33.3,46.376,100.111,176.598,
296.241,82683.992,0.972,29.964,436.349,502.825,6.357,10,1,3917.671,-2074.149,-104.296,-0.03,0.044,-333.504,-1125.48,-1137.227,-939.714,-737.501,-610.591,-515.496,-334.365,-203.223,-9.278,-11.602,1.277,16.441,39.152,103.226,197.135,
296.241,82683.992,0.972,29.964,436.512,502.791,6.357,10,1,3917.671,-2074.149,-104.296,-0.03,0.044,-489.334,-1194.06,-1176.417,-951.177,-746.238,-616.924,-509.621,-326.549,-191.163,3.863,7.925,21.605,36.023,58.728,105.822,178.29,
296.365,82720.672,0.972,29.968,436.294,502.494,6.357,10,1,3917.671,-2074.149,-104.296,-0.031,0.044,-261.699,-1141.178,-1150.789,-936.901,-728.333,-604.776,-502.892,-313.915,-196.523,1.462,-4.746,8.727,22.514,39.257,92.114,164.636,
296.015,82757.867,0.974,29.95,436.82,502.898,6.357,10,1,3917.671,-2074.149,-104.296,-0.031,0.044,-210.657,-1138.951,-1165.311,-953.159,-746.449,-624.503,-523.935,-328.69,-203.446,-2.919,-9.071,2.129,19.477,31.824,92.218,182.127,
296.015,82757.867,0.974,29.95,436.82,502.898,6.357,10,1,3917.671,-2074.149,-104.296,-0.031,0.044,-323.988,-1138.395,-1161.574,-953.888,-743.645,-620.455,-507.271,-324.408,-185.803,5.012,4.227,17.455,31.939,46.899,105.719,201.084,
295.998,82740.234,0.974,29.956,436.608,500.893,6.357,10,1,3917.671,-2074.149,-104.296,-0.031,0.044,-351.131,-1150.418,-1157.623,-943.154,-736.527,-611.63,-511.653,-321.731,-184.017,6.369,9.827,21.712,38.117,50.563,97.514,180.209,
295.998,82740.234,0.974,29.956,436.917,501.678,6.357,10,1,3917.671,-2074.149,-104.296,-0.031,0.044,-251.75,-1116.685,-1139.898,-935.964,-763.489,-604.051,-522.334,-330.725,-186.362,-15.429,-15.083,-0.212,14.66,39.99,98.657,188.672,
296.098,82787.961,0.974,29.929,436.25,500.179,6.357,10,1,3917.671,-2074.149,-104.296,-0.03,0.044,-386.817,-1118.689,-1148.654,-945.655,-735.449,-613.499,-500.757,-315.843,-193.256,1.253,1.057,15.858,31.415,52.029,111.534,195.442,
296.012,82744.047,0.974,29.95,436.745,499.462,6.357,10,1,3917.671,-2074.149,-104.296,-0.03,0.044,-321.392,-1109.003,-1131.89,-937.839,-734.047,-609.242,-497.873,-298.82,-186.892,11.486,4.86,10.962,28.483,44.177,97.203,178.403,
296.113,82796.484,0.974,29.928,436.232,501.945,6.357,10,1,3917.671,-2074.149,-104.296,-0.03,0.044,-323.123,-1150.084,-1155.381,-953.68,-746.557,-620.767,-516.139,-332.224,-198.168,-19.703,-19.938,-7.012,5.969,30.777,91.18,168.022,
296.001,82739.594,0.974,29.919,435.841,498.851,6.357,10,1,3917.671,-2074.149,-104.296,-0.03,0.044,-285.057,-1135.611,-1139.684,-937.527,-727.899,-603.428,-491.464,-311.989,-188.567,6.996,3.17,14.685,33.614,49.83,108.419,205.937,
296.001,82739.594,0.974,29.919,435.841,498.851,6.357,10,1,3917.671,-2074.149,-104.296,-0.03,0.044,-359.35,-1115.238,-1142.674,-935.651,-730.488,-601.559,-492.853,-310.49,-181.421,5.638,3.486,11.067,28.379,39.048,90.141,179.419,
296.093,82784.602,0.974,29.932,436.318,501.639,6.357,10,1,3917.671,-2074.149,-104.296,-0.03,0.044,-318.256,-1140.844,-1160.933,-960.141,-758.205,-631.876,-528.53,-347.106,-206.653,-10.112,-3.165,8.3,24.399,41.665,92.945,174.115,
296.015,82744.625,0.974,29.938,436.388,500.632,6.357,10,1,3917.671,-2074.149,-104.296,-0.03,0.044,-248.506,-1109.782,-1140.539,-937.006,-735.017,-608.723,-513.575,-323.445,-187.115,9.397,10.459,19.58,32.882,51.296,107.054,196.232,
296.015,82744.625,0.974,29.938,436.388,500.632,6.357,10,1,3917.671,-2074.149,-104.296,-0.03,0.044,-397.199,-1148.749,-1153.352,-933.879,-727.899,-603.739,-503.321,-322.267,-195.712,-3.023,-5.486,5.746,22.619,42.607,96.048,162.833,
296.004,82741.656,0.974,29.939,436.867,498.683,6.357,10,1,3917.671,-2074.149,-104.296,-0.03,0.044,-343.617,-1130.045,-1158.798,-951.804,-749.253,-610.28,-504.603,-320.554,-190.241,-1.459,-4.325,7.981,22.41,42.921,103.42,192.962,
296.004,82741.656,0.974,29.939,436.426,498.683,6.357,10,1,3917.671,-2074.149,-104.296,-0.03,0.044,-280.581,-1118.578,-1146.839,-937.11,-742.567,-607.373,-503.321,-312.738,-177.849,-0.521,-5.275,6.491,26.598,39.362,100.72,192.624,
296.1,82790.602,0.974,29.939,436.548,502.908,6.357,10,1,3917.671,-2074.149,-104.296,-0.03,0.044,-447.632,-1158.1,-1154.1,-935.755,-729.193,-605.92,-504.603,-326.121,-193.814,-11.467,-4.642,8.62,22.41,38.943,89.402,174.23,
296.071,82773.945,0.974,29.942,436.596,500.82,6.357,10,1,3917.671,-2074.149,-104.296,-0.03,0.044,-319.505,-1117.687,-1141.393,-946.489,-733.507,-610.384,-507.914,-322.481,-189.348,5.116,4.754,16.175,32.149,50.773,105.808,189.915,
296.075,82794.156,0.974,30.196,444.118,510.314,6.426,10,2,3917.671,-2074.149,104.223,-0.031,0.044,-377.244,-1214.214,-1213.766,-1029.55,-830.032,-692.301,-594.117,-410.384,-216.253,-12.406,1.902,23.411,49.629,66.79,119.618,206.051,
295.961,82736.875,0.974,30.211,444.668,511.221,6.426,10,2,3917.671,-2074.149,104.223,-0.031,0.044,-410.762,-1225.457,-1227.223,-1030.071,-849.013,-687.632,-586.746,-400.534,-214.467,-14.908,2.536,22.986,45.545,68.255,124.29,215.417,
296.101,82804.164,0.974,30.211,444.591,509.767,6.426,10,2,3917.671,-2074.149,104.223,-0.031,0.044,-436.928,-1230.801,-1227.672,-1023.922,-815.257,-692.612,-591.339,-399.035,-209.331,-25.124,-11.499,11.706,38.007,62.288,119.721,206.39,
296.018,82763.289,0.974,30.24,445.535,511.739,6.424,10,2,3917.671,-2074.149,104.223,-0.031,0.044,-392.165,-1228.909,-1220.304,-1030.487,-833.267,-691.679,-589.523,-402.247,-212.122,-21.996,-9.283,11.174,38.112,59.462,116.087,207.857,
296.074,82790.539,0.974,30.254,445.809,516.588,6.424,10,2,3917.671,-2074.149,104.223,-0.031,0.044,-462.554,-1248.392,-1243.262,-1038.198,-829.277,-698.419,-601.273,-401.497,-215.36,-22.83,-9.494,13.515,37.902,59.985,121.487,207.97,
296.074,82790.539,0.974,30.254,445.809,516.588,6.424,10,2,3917.671,-2074.149,104.223,-0.031,0.044,-415.736,-1226.125,-1224.789,-1022.879,-819.894,-690.744,-580.764,-392.718,-206.428,-8.548,0.845,21.177,47.325,64.068,114.01,200.748,
295.96,82736.102,0.974,30.279,446.442,512.641,6.425,10,2,3917.671,-2074.149,104.223,-0.031,0.044,-395.193,-1228.797,-1222.12,-1025.484,-818.923,-695.203,-597.961,-411.775,-229.427,-25.124,-5.486,17.771,38.74,60.823,109.546,203.795,
296.007,82757.352,0.974,30.287,446.727,514.302,6.425,10,2,3917.671,-2074.149,104.223,-0.031,0.044,-427.954,-1226.014,-1224.789,-1030.591,-822.267,-694.27,-591.125,-396.785,-204.419,-8.548,5.706,29.583,49.838,77.887,131.87,217.336,
296.007,82757.352,0.974,30.287,446.727,514.302,6.425,10,2,3917.671,-2074.149,104.223,-0.031,0.044,-384.813,-1216.551,-1217.742,-1027.464,-850.415,-680.467,-588.668,-401.817,-217.036,-21.475,-8.439,11.706,40.101,57.263,110.999,201.199,
296.015,82763.031,0.974,30.302,447.167,514.555,6.424,10,2,3917.671,-2074.149,104.223,-0.031,0.044,-413.898,-1220.225,-1220.945,-1032.467,-843.189,-696.966,-597.106,-414.45,-229.093,-22.935,-6.646,15.643,36.646,60.09,113.907,202.215,
295.952,82734.164,0.974,30.309,447.321,513.527,6.424,10,2,3917.671,-2074.149,104.223,-0.031,0.044,-434.658,-1240.153,-1234.72,-1034.03,-828.522,-693.025,-597.961,-405.457,-218.599,-21.58,-8.123,13.302,38.53,62.602,117.125,202.553,
296.102,82807.203,0.974,30.305,447.321,513.527,6.424,10,2,3917.671,-2074.149,104.223,-0.031,0.044,-410.438,-1251.954,-1244.543,-1049.974,-851.494,-710.239,-610.672,-414.772,-229.652,-29.711,-11.288,11.174,33.819,59.043,118.06,208.985,
296.014,82763.094,0.974,30.336,447.37,513.691,6.424,10,2,3917.671,-2074.149,104.223,-0.031,0.044,-428.603,-1233.362,-1234.186,-1039.97,-850.847,-688.254,-590.27,-400.211,-208.328,-18.765,-6.963,13.728,40.212,58.624,110.792,201.763,
296.008,82760.187,0.974,30.346,448.474,518.361,6.424,10,2,3917.671,-2074.149,104.223,-0.031,0.044,-432.928,-1245.274,-1239.845,-1047.578,-839.846,-706.091,-605.652,-414.45,-223.623,-26.479,-11.182,12.238,33.196,58.624,110.584,199.168,
296.008,82760.187,0.974,30.346,448.474,518.361,6.424,10,2,3917.671,-2074.149,104.223,-0.031,0.044,-389.354,-1230.245,-1233.652,-1038.198,-837.905,-699.766,-602.34,-411.988,-224.404,-14.699,2.113,23.624,43.772,65.324,120.034,207.857,
295.954,82734.234,0.974,30.359,448.793,515.324,6.424,10,2,3917.671,-2074.149,104.223,-0.031,0.044,-402.653,-1235.811,-1260.347,-1054.247,-836.611,-703.602,-610.031,-414.343,-222.953,-18.035,-0.211,22.773,46.6,69.198,115.569,205.488,
295.954,82734.234,0.974,30.359,448.793,515.324,6.424,10,2,3917.671,-2074.149,104.223,-0.031,0.044,-401.633,-1230.245,-1230.555,-1034.655,-830.14,-693.233,-603.088,-414.45,-228.982,-20.12,-7.068,13.94,38.746,57.892,113.077,201.425,
296.009,82762.898,0.974,30.377,449.397,513.262,6.423,10,2,3917.671,-2074.149,104.223,-0.03,0.044,-400.552,-1240.931,-1241.447,-1039.345,-862.494,-690.537,-600.631,-407.812,-225.521,-24.811,-9.705,12.451,34.662,61.765,118.165,204.698,
296.009,82762.898,0.974,30.377,449.397,513.262,6.423,10,2,3917.671,-2074.149,104.223,-0.03,0.044,-426.073,-1255.293,-1258.211,-1057.269,-838.983,-715.009,-607.147,-417.662,-228.647,-23.769,-4.325,19.368,41.364,65.429,124.498,215.418,
296.073,82792.867,0.974,30.358,448.982,514.481,6.423,10,2,3917.671,-2074.149,104.223,-0.03,0.044,-425.965,-1243.714,-1240.913,-1039.345,-834.022,-698.107,-596.679,-397.427,-208.216,-16.68,-5.802,16.494,44.191,63.126,118.476,207.293,
296.055,82785.633,0.974,29.556,425.473,491.688,6.394,10,3,3917.671,-2074.149,-104.296,-0.031,0.044,-444.24,-1233.583,-1217.527,-1028.088,-874.168,-678.493,-597.96,-407.491,-211.932,-24.811,-9.6,14.368,49.217,65.01,128.15,213.949,
295.953,82731.453,0.974,29.562,425.536,488.692,6.394,10,3,3917.671,-2074.149,-104.296,-0.031,0.044,-458.515,-1258.41,-1247.211,-1057.789,-893.692,-706.403,-612.38,-429.654,-227.007,-33.985,-11.182,14.9,42.725,68.988,134.278,219.478,
296.086,82797.773,0.974,29.588,426.414,489.298,6.394,10,3,3917.671,-2074.149,-104.296,-0.031,0.044,-463.814,-1248.947,-1238.028,-1039.031,-869.638,-687.007,-592.405,-398.605,-195.742,-5.525,14.582,39.592,69.218,90.134,151.932,235.163,
295.997,82755.023,0.974,29.58,426.109,490.054,6.394,10,3,3917.671,-2074.149,-104.296,-0.031,0.044,-436.995,-1238.704,-1226.176,-1037.052,-874.492,-691.054,-606.505,-420.446,-227.677,-30.753,-15.929,8.089,42.41,61.66,126.593,210.79,
296.027,82767.102,0.974,29.583,426.219,491.094,6.395,10,3,3917.671,-2074.149,-104.296,-0.032,0.044,-455.163,-1251.619,-1239.31,-1050.6,-882.446,-693.854,-591.657,-408.776,-207.019,-18.556,-0.633,24.692,51.835,77.153,147.259,232.794,
296.05,82779.82,0.974,29.628,427.535,491.026,6.395,10,3,3917.671,-2074.149,-104.296,-0.031,0.044,-437.103,-1229.909,-1217.099,-1024.025,-857.965,-672.992,-581.296,-394.215,-196.188,-10.946,1.796,24.266,60.317,75.374,135.316,218.576,
295.955,82729.969,0.974,29.659,428.326,496.037,6.395,10,3,3917.671,-2074.149,-104.296,-0.031,0.044,-448.025,-1244.494,-1233.757,-1050.183,-888.809,-704.121,-605.439,-422.266,-224.438,-31.9,-14.558,8.727,39.583,60.403,125.554,209.774,
296.088,82797.969,0.974,29.663,428.597,497.515,6.396,10,3,3917.671,-2074.149,-104.296,-0.03,0.044,-456.677,-1243.937,-1227.777,-1041.012,-883.74,-696.862,-598.71,-411.239,-210.704,-11.572,9.193,34.058,61.364,84.691,145.182,228.957,
295.999,82751.734,0.974,29.691,429.277,495.499,6.396,10,3,3917.671,-2074.149,-104.296,-0.031,0.044,-441.645,-1234.14,-1218.808,-1028.611,-862.386,-684.205,-613.237,-415.95,-220.645,-27.417,-9.916,13.836,48.065,66.475,126.385,209.435,
296.027,82768.453,0.974,29.705,429.733,497.514,6.396,10,3,3917.671,-2074.149,-104.296,-0.031,0.044,-469.653,-1254.625,-1245.61,-1053.622,-889.78,-705.987,-613.557,-427.085,-229.578,-32.421,-12.132,15.007,41.677,71.5,138.639,223.315,
296.05,82782.664,0.974,29.714,430.033,497.678,6.396,10,3,3917.671,-2074.149,-104.296,-0.03,0.044,-442.078,-1245.941,-1233.223,-1041.116,-883.201,-685.762,-596.36,-404.922,-205.682,-15.012,6.234,31.61,62.935,84.376,147.986,228.28,
295.956,82732.555,0.974,29.733,430.471,496.644,6.396,10,3,3917.671,-2074.149,-104.296,-0.031,0.044,-445.43,-1244.828,-1231.088,-1039.553,-871.769,-694.996,-610.46,-418.948,-218.3,-28.251,-10.02,12.663,47.018,64.172,127.631,211.467,
296.089,82799.711,0.974,29.76,431.412,498.7,6.396,10,3,3917.671,-2074.149,-104.296,-0.031,0.044,-442.186,-1238.148,-1229.059,-1042.158,-888.917,-690.433,-601.914,-412.31,-210.372,-15.637,5.389,27.242,55.71,77.677,140.093,225.798,
295.992,82750.891,0.974,29.783,431.958,496.501,6.396,10,3,3917.671,-2074.149,-104.296,-0.031,0.044,-439.266,-1220.891,-1209.091,-1019.44,-855.376,-672.68,-587.067,-395.929,-200.099,-10.633,8.242,29.796,62.831,77.573,136.77,218.35,
296.02,82765.289,0.974,29.794,432.31,500.575,6.396,10,3,3917.671,-2074.149,-104.296,-0.031,0.044,-454.081,-1236.923,-1222.973,-1033.613,-874.358,-694.892,-595.932,-410.49,-211.712,-22.205,-0.422,23.411,51.417,70.14,132.183,217.786,
296.052,82779.047,0.974,29.816,432.987,499.116,6.396,10,3,3917.671,-2074.149,-104.296,-0.031,0.044,-443.592,-1233.583,-1219.662,-1033.196,-877.377,-689.811,-607.682,-413.488,-219.528,-25.541,-5.485,19.368,50.579,73.804,134.467,218.465,
295.955,82733.391,0.974,29.835,433.42,498.361,6.396,10,3,3917.671,-2074.149,-104.296,-0.031,0.044,-436.279,-1228.462,-1216.779,-1025.38,-864.543,-674.134,-584.396,-403.102,-209.478,-18.765,-1.688,23.305,52.883,78.41,141.632,222.641,
296.093,82801.773,0.974,29.805,432.702,498.778,6.396,10,3,3917.671,-2074.149,-104.296,-0.031,0.044,-435.738,-1233.249,-1220.196,-1032.467,-872.524,-680.779,-588.028,-399.141,-207.022,-19.286,-1.266,22.241,53.511,76.421,144.331,226.026,
295.991,82751.023,0.974,29.838,433.55,500.437,6.396,10,3,3917.671,-2074.149,-104.296,-0.031,0.044,-445.037,-1239.261,-1224.574,-1036.948,-868.642,-689.085,-598.176,-412.524,-209.813,-22.518,-3.692,20.645,52.359,75.374,141.736,225.462,
296.018,82765.617,0.974,29.85,433.94,496.604,6.396,10,3,3917.671,-2074.149,-104.296,-0.031,0.044,-437.576,-1232.804,-1220.303,-1026.838,-859.475,-679.844,-594.437,-403.745,-206.575,-18.452,-3.903,17.559,51.522,68.36,129.794,214.516,
295.926,82749.344,0.974,29.989,438.053,503.689,6.33,10,4,3917.671,-2074.149,38.602,-0.032,0.044,-390.759,-1186.938,-1182.048,-994.847,-844.484,-667.386,-574.355,-393.574,-196.715,-20.224,-9.389,16.707,50.676,67.732,125.017,207.631,
295.99,82780.211,0.974,29.998,438.142,501.8,6.33,10,4,3917.671,-2074.149,43.889,-0.031,0.044,-413.465,-1210.65,-1206.184,-1014.126,-863.249,-686.594,-588.883,-402.675,-201.07,-24.081,-4.853,21.389,50.257,73.176,136.646,220.834,
295.99,82780.211,0.974,29.998,438.389,504.966,6.33,10,4,3917.671,-2074.149,43.889,-0.031,0.044,-393.895,-1182.706,-1171.933,-996.827,-841.356,-657.523,-567.092,-386.08,-190.24,-8.861,2.325,25.54,59.994,74.432,130.832,212.709,
296.004,82790.023,0.974,30.02,439.064,501.457,6.33,10,4,3917.671,-2074.149,53.477,-0.031,0.044,-398.977,-1193.505,-1189.552,-1008.914,-867.779,-677.977,-584.396,-401.39,-206.652,-24.603,-11.604,12.451,44.394,63.44,126.574,209.098,
295.924,82748.305,0.974,30.006,439.064,501.457,6.33,10,4,3917.671,-2074.149,65.969,-0.031,0.044,-410.005,-1204.527,-1196.599,-1007.977,-855.162,-678.703,-570.296,-390.576,-187.784,-11.989,4.015,28.626,60.204,78.933,141.319,223.091,
295.924,82748.305,0.974,30.006,438.543,500.208,6.33,10,4,3917.671,-2074.149,65.969,-0.031,0.044,-399.085,-1192.837,-1184.426,-1000.265,-841.142,-668.112,-574.355,-391.433,-191.692,-13.344,-2.215,21.922,57.063,73.385,130.832,212.596,
295.994,82781.18,0.974,29.982,438.658,501.596,6.33,10,4,3917.671,-2074.149,9.708,-0.031,0.044,-409.249,-1197.29,-1189.445,-1009.956,-857.319,-678.702,-591.018,-411.347,-219.714,-31.587,-15.929,9.577,41.671,62.498,125.536,211.017,
295.994,82781.18,0.974,29.982,437.9,497.944,6.33,10,4,3917.671,-2074.149,9.708,-0.031,0.044,-416.493,-1200.185,-1196.599,-1003.287,-840.279,-670.292,-564.634,-381.796,-182.09,-6.776,9.193,35.117,64.915,86.052,146.407,228.62,
296.007,82788.797,0.974,29.993,438.263,502.68,6.33,10,4,3917.671,-2074.149,104.223,-0.031,0.044,-385.786,-1182.595,-1173.855,-991.198,-847.613,-655.964,-566.877,-387.257,-188.151,-9.174,-2.321,20.964,57.272,68.36,128.132,211.919,
296.007,82788.797,0.974,29.993,438.263,502.68,6.33,10,4,3917.671,-2074.149,104.223,-0.031,0.044,-399.301,-1187.716,-1182.291,-1004.225,-855.593,-683.478,-587.92,-408.349,-211.153,-27.626,-12.87,10.854,42.718,60.927,122.006,204.133,
295.941,82753.086,0.974,30.027,439.153,504.956,6.33,10,4,3917.671,-2074.149,90.851,-0.031,0.044,-401.68,-1192.281,-1188.271,-1004.746,-848.475,-670.5,-572.645,-390.254,-195.074,-16.888,-1.793,22.879,53.712,73.908,134.258,218.126,
295.941,82753.086,0.974,30.027,439.153,504.956,6.33,10,4,3917.671,-2074.149,90.851,-0.031,0.044,-388.813,-1188.05,-1179.301,-1005.684,-856.348,-671.85,-581.297,-397,-202.779,-24.186,-15.93,8.194,43.661,59.566,116.399,200.522,
295.868,82719.508,0.974,30.002,438.34,497.597,6.33,10,4,3917.671,-2074.149,-104.296,-0.031,0.044,-413.79,-1201.855,-1199.589,-1008.185,-858.182,-688.358,-586.104,-403.209,-205.459,-23.977,-8.756,17.239,46.286,64.696,122.006,206.503,
295.868,82719.508,0.974,30.002,438.34,497.597,6.33,10,4,3917.671,-2074.149,-104.296,-0.031,0.044,-413.574,-1208.089,-1205.248,-1014.854,-860.878,-677.975,-588.134,-408.456,-210.483,-20.224,-2.321,24.688,54.035,75.27,134.674,218.803,
295.941,82755.219,0.974,29.992,438.148,506.253,6.33,10,4,3917.671,-2074.149,45.261,-0.032,0.044,-394.652,-1192.392,-1191.26,-997.868,-855.486,-664.374,-585.57,-397.856,-203.337,-20.954,-7.174,18.729,50.998,71.082,129.483,211.468,
295.937,82755.281,0.974,30.002,438.148,506.253,6.33,10,4,3917.671,-2074.149,-25.469,-0.032,0.044,-401.788,-1200.185,-1195.104,-1015.271,-854.946,-679.325,-585.677,-406.314,-207.915,-28.356,-17.195,7.556,40.945,58.834,122.734,208.309,
295.937,82755.281,0.974,30.002,438.44,502.479,6.33,10,4,3917.671,-2074.149,-25.469,-0.032,0.044,-402.329,-1197.847,-1192.862,-1014.125,-863.359,-675.38,-567.091,-388.327,-190.161,-4.274,10.354,36.394,64.925,86.053,145.785,229.863,
295.882,82724.734,0.974,30.013,438.688,504.155,6.33,10,4,3917.671,-2074.149,91.237,-0.032,0.044,-382.758,-1171.016,-1161.362,-979.214,-828.955,-649.112,-557.904,-380.19,-179.106,-6.463,2.958,28.2,62.098,74.328,126.264,207.745,
295.882,82724.734,0.974,30.013,438.688,504.155,6.33,10,4,3917.671,-2074.149,91.237,-0.032,0.044,-405.14,-1197.068,-1186.135,-1000.056,-858.505,-681.505,-591.125,-411.132,-217.965,-36.696,-23.209,2.022,32.986,55.693,120.449,205.037,
295.937,82753.602,0.974,30.015,438.804,501.985,6.33,10,4,3917.671,-2074.149,72.995,-0.032,0.044,-406.87,-1197.179,-1193.716,-1015.063,-854.946,-675.068,-577.879,-395.287,-188.933,-13.031,6.55,32.882,60.632,83.959,142.566,224.897,
295.874,82742.234,0.974,29.893,435.288,495.25,6.33,10,5,3917.671,-2074.149,-104.296,-0.032,0.044,-341.887,-1157.879,-1173.215,-981.089,-844.075,-661.882,-579.268,-399.248,-210.481,-15.325,-15.929,1.915,24.19,56.417,115.17,195.331,
295.852,82729.773,0.974,29.87,434.563,494.269,6.33,10,5,3917.671,-2074.149,-104.296,-0.032,0.044,-355.186,-1174.577,-1189.018,-996.826,-862.304,-672.161,-580.656,-401.282,-204.563,-30.545,-14.136,17.878,34.452,64.372,124.101,203.794,
295.852,82729.773,0.974,29.87,434.576,496.111,6.33,10,5,3917.671,-2074.149,-104.296,-0.032,0.044,-350.969,-1167.118,-1183.998,-988.072,-846.987,-666.139,-569.227,-387.792,-196.747,-36.8,2.853,19.048,34.871,64.686,120.466,202.778,
295.968,82737.328,0.974,29.835,433.433,492.869,6.33,10,5,3917.671,-2074.149,-104.296,-0.032,0.044,-350.537,-1169.679,-1182.93,-993.281,-862.089,-676.937,-590.59,-411.775,-220.642,-24.707,-21.626,-0.531,27.436,54.952,110.289,192.622,
295.968,82737.328,0.974,29.835,433.433,492.869,6.33,10,5,3917.671,-2074.149,-104.296,-0.032,0.044,-367.836,-1175.691,-1191.366,-993.177,-859.151,-671.746,-575.316,-394.002,-199.762,-21.475,-3.481,33.627,41.782,77.56,134.07,213.385,
296.139,82692.125,0.973,29.856,433.568,496.683,6.33,10,5,3917.671,-2074.149,-104.296,-0.031,0.044,-346.428,-1167.897,-1182.823,-986.82,-853.866,-662.817,-581.618,-397.856,-207.466,-16.263,-11.393,6.491,34.766,63.116,122.128,203.681,
295.996,82807.523,0.975,29.808,432.975,496.222,6.331,10,5,3912.873,-2074.149,-104.296,-0.031,0.044,-357.348,-1174.466,-1191.366,-997.241,-861.416,-676.729,-578.413,-400.319,-205.01,-26.896,-16.984,24.795,34.347,66.465,125.866,206.953,
295.953,82783.437,0.974,29.811,433.012,496.337,6.331,10,5,3917.671,-2074.149,-104.296,-0.031,0.044,-346.969,-1158.991,-1173.32,-977.232,-839.307,-650.15,-569.654,-387.15,-193.62,-5.629,8.876,22.773,46.39,74.211,127.424,206.051,
295.953,82783.437,0.974,29.811,433.012,496.337,6.331,10,5,3917.671,-2074.149,-104.296,-0.031,0.044,-363.836,-1172.017,-1185.92,-993.385,-859.367,-673.303,-576.491,-394.965,-202.667,-28.981,-15.085,20.538,36.232,64.267,122.128,202.891,
295.876,82742.625,0.974,29.817,433.062,497.541,6.331,10,5,3917.671,-2074.149,-104.296,-0.032,0.044,-349.239,-1167.563,-1181.542,-991.509,-846.641,-672.68,-575.209,-395.394,-201.662,-38.781,-4.536,12.876,28.902,62.593,120.154,199.957,
295.876,82742.625,0.974,29.817,433.062,497.541,6.331,10,5,3917.671,-2074.149,-104.296,-0.032,0.044,-355.618,-1169.568,-1184.425,-989.529,-850.415,-665.828,-572.752,-397.428,-199.094,-11.78,-2.637,18.197,43.563,70.966,131.266,210.226,
295.994,82799.578,0.975,29.812,433.045,495.543,6.331,10,5,3917.671,-2074.149,-104.296,-0.031,0.043,-343.401,-1148.749,-1161.254,-967.957,-836.287,-641.948,-549.252,-373.017,-178.995,-2.919,9.721,42.46,55.605,84.992,141.859,218.802,
295.96,82781.367,0.974,29.76,431.49,491.245,6.331,10,5,3917.671,-2074.149,-104.296,-0.031,0.044,-342.427,-1154.538,-1167.981,-973.689,-844.915,-655.445,-570.722,-390.469,-204.677,-22.622,-13.079,3.937,32.044,63.011,122.647,202.101,
295.908,82754.898,0.974,29.769,431.49,491.245,6.331,10,5,3917.671,-2074.149,-104.296,-0.032,0.044,-353.024,-1157.766,-1177.591,-982.547,-846.425,-664.374,-570.722,-396.678,-200.657,-28.251,-15.822,24.688,35.814,68.256,128.359,205.712,
295.893,82750.375,0.974,29.779,431.689,495.814,6.331,10,5,3917.671,-2074.149,-104.296,-0.032,0.044,-342.752,-1150.307,-1163.496,-971.188,-837.366,-653.68,-559.72,-378.156,-185.359,5.221,9.087,24.263,47.019,75.374,134.052,213.16,
295.893,82750.375,0.974,29.779,431.972,496.037,6.331,10,5,3917.671,-2074.149,-104.296,-0.032,0.044,-342.536,-1147.412,-1159.972,-972.438,-842.758,-654.719,-563.673,-383.723,-192.506,-21.684,-12.235,18.304,40.003,61.765,112.35,190.48,
296.004,82803.523,0.975,29.76,431.536,494.613,6.331,10,5,3917.671,-2074.149,-104.296,-0.031,0.044,-353.727,-1161.997,-1178.339,-989.112,-857.641,-674.445,-586.211,-413.381,-217.741,-52.542,-11.181,7.556,17.069,58.625,121.384,202.103,
295.961,82785.055,0.974,29.809,432.939,497.994,6.332,10,5,3917.671,-2074.149,-104.296,-0.031,0.044,-346.482,-1152.424,-1172.039,-971.604,-839.738,-653.161,-564.527,-384.366,-192.729,-2.085,4.015,22.028,50.265,75.374,130.833,209.551,
295.915,82760.703,0.974,29.795,432.939,497.994,6.332,10,5,3917.671,-2074.149,-104.296,-0.031,0.044,-349.401,-1157.434,-1172.894,-975.669,-848.043,-657.626,-566.45,-387.471,-197.307,-23.456,-13.607,25.114,36.547,69.931,131.04,208.761,
295.915,82760.703,0.974,29.795,432.463,496.118,6.332,10,5,3917.671,-2074.149,-104.296,-0.031,0.044,-338.371,-1153.203,-1168.73,-977.338,-843.836,-656.484,-572.325,-396.036,-207.133,-11.259,-10.548,9.897,33.196,65.429,126.368,206.504,
295.902,82788.859,0.975,29.89,435.413,502.489,6.324,10,6,3917.671,-2074.149,-104.296,-0.031,0.044,-293.925,-1130.824,-1138.616,-969.416,-813.979,-663.958,-568.905,-390.682,-197.305,-23.977,-14.452,6.918,35.394,50.144,103.434,179.645,
295.867,82770.844,0.975,29.878,435.015,500.597,6.324,10,6,3917.671,-2074.149,-104.296,-0.032,0.044,-303.658,-1135.834,-1141.713,-974.835,-825.952,-674.755,-571.255,-392.395,-199.873,-21.162,-10.444,11.388,36.337,57.158,114.131,190.929,
295.848,82761.156,0.975,29.899,435.583,501.191,6.324,10,6,3917.671,-2074.149,-104.296,-0.032,0.044,-301.82,-1130.49,-1131.142,-967.54,-815.381,-664.061,-568.265,-390.254,-194.067,-15.22,-2.532,18.945,45.866,59.88,110.6,186.19,
295.848,82761.156,0.975,29.899,435.583,501.191,6.324,10,6,3917.671,-2074.149,-104.296,-0.032,0.044,-300.089,-1127.818,-1129.22,-967.437,-819.804,-668.526,-574.246,-394.001,-200.878,-22.413,-9.494,12.027,38.117,55.169,107.277,183.369,
295.778,82727.453,0.974,29.9,435.564,505.018,6.324,10,6,3917.671,-2074.149,-104.296,-0.032,0.044,-299.332,-1130.267,-1144.169,-967.229,-817.415,-664.684,-571.255,-391.431,-198.98,-16.888,-4.536,18.2,42.515,60.508,112.573,187.883,
295.792,82736.359,0.974,29.927,436.312,503.387,6.324,10,6,3917.671,-2074.149,-104.296,-0.031,0.044,-295.764,-1126.593,-1135.2,-962.748,-818.278,-663.544,-576.489,-396.678,-206.796,-22.205,-9.705,12.027,38.327,57.996,112.573,188.898,
295.792,82736.359,0.974,29.927,436.359,500.393,6.324,10,6,3917.671,-2074.149,-104.296,-0.031,0.044,-304.091,-1134.387,-1138.616,-973.273,-825.719,-672.161,-568.267,-389.504,-198.533,-22.309,-11.393,8.727,36.651,50.563,108.731,186.98,
295.859,82767.484,0.975,29.925,436.382,501.909,6.325,10,6,3917.671,-2074.149,-104.296,-0.032,0.044,-301.603,-1134.832,-1141.82,-976.504,-828.092,-671.953,-567.733,-395.394,-200.208,-20.016,-7.174,12.559,39.897,52.447,103.746,180.548,
295.859,82767.484,0.975,29.925,436.382,501.909,6.325,10,6,3917.671,-2074.149,-104.296,-0.032,0.044,-301.063,-1130.824,-1134.879,-971.085,-819.464,-668.735,-574.249,-397.428,-204.789,-22.83,-8.967,11.707,38.012,55.902,108.834,184.159,
295.906,82789.25,0.975,29.92,436.218,504.489,6.325,10,6,3917.671,-2074.149,-104.296,-0.032,0.044,-302.252,-1128.263,-1138.937,-967.646,-813.101,-666.97,-563.994,-384.259,-193.511,-15.116,-0.738,20.435,45.866,63.125,118.389,194.653,
295.793,82735.328,0.974,29.929,436.266,500.598,6.324,10,6,3917.671,-2074.149,-104.296,-0.032,0.044,-292.736,-1123.142,-1125.696,-960.038,-811.915,-657.21,-562.392,-384.152,-187.593,-15.95,-1.688,19.69,46.285,62.078,114.235,189.462,
295.793,82735.328,0.974,29.929,436.405,500.615,6.324,10,6,3917.671,-2074.149,-104.296,-0.032,0.044,-295.98,-1128.82,-1137.015,-967.646,-820.111,-672.265,-580.658,-399.783,-214.503,-33.151,-24.053,-2.762,25.446,42.293,97.723,175.018,
295.863,82769.164,0.975,29.927,436.441,501.786,6.324,10,6,3917.671,-2074.149,-104.296,-0.032,0.044,-307.227,-1134.721,-1146.839,-974.837,-824.749,-673.511,-560.149,-383.831,-192.171,-8.861,5.388,26.817,49.218,68.15,122.543,199.731,
295.848,82762.836,0.975,29.932,436.559,500.677,6.324,10,6,3917.671,-2074.149,-104.296,-0.032,0.044,-292.303,-1119.023,-1127.298,-954.932,-800.375,-650.981,-562.819,-384.473,-187.034,-14.908,-4.325,17.133,46.181,58.939,107.381,181.563,
296.254,82722.477,0.973,29.967,436.775,502.365,6.325,10,6,3917.671,-2074.149,-104.296,-0.032,0.044,-311.012,-1135.5,-1144.169,-976.4,-829.063,-678.806,-581.192,-406.421,-210.037,-31.9,-17.512,6.279,29.949,56.007,114.011,190.365,
295.849,82734.617,0.974,29.957,437.143,503.809,6.325,10,6,3917.671,-2074.149,-104.296,-0.032,0.044,-300.738,-1124.144,-1130.715,-957.224,-801.561,-648.489,-559.081,-378.798,-185.806,-8.236,2.641,23.518,50.055,67.418,121.488,196.687,
295.849,82734.617,0.974,29.957,437.143,503.809,6.325,10,6,3917.671,-2074.149,-104.296,-0.032,0.044,-291.286,-1125.592,-1131.676,-966.916,-822.376,-669.981,-576.064,-397.321,-205.459,-31.483,-22.787,-2.444,28.274,39.676,93.037,170.281,
295.849,82763.031,0.975,29.991,438.289,506.977,6.325,10,6,3917.671,-2074.149,18.737,-0.032,0.044,-311.18,-1137.394,-1145.771,-976.921,-823.778,-675.691,-567.626,-392.503,-193.622,-13.657,4.86,25.114,47.019,66.685,122.214,197.025,
295.774,82725.836,0.974,30.006,438.289,506.977,6.325,10,6,3917.671,-2074.149,7.669,-0.032,0.044,-290.312,-1116.13,-1116.728,-954.098,-807.709,-649.943,-556.41,-378.049,-188.821,-7.61,5.494,26.498,54.558,69.407,121.903,196.01,
295.774,82725.836,0.974,30.006,438.645,502.925,6.325,10,6,3917.671,-2074.149,7.669,-0.032,0.044,-291.826,-1118.913,-1125.271,-957.954,-812.67,-663.232,-575.744,-396.143,-207.133,-35.757,-27.85,-6.693,23.352,38.001,91.791,169.153,
295.848,82761.414,0.975,30.07,441.15,505.668,6.354,10,7,3917.671,-2074.149,104.223,-0.032,0.044,-230.087,-1073.601,-1102.313,-915.643,-782.915,-644.751,-549.252,-388.863,-204.898,-0.208,2.008,22.986,42.83,60.813,109.25,185.626,
295.756,82724.094,0.974,30.069,440.515,501.87,6.354,10,7,3917.671,-2074.149,104.223,-0.032,0.044,-228.033,-1072.932,-1105.196,-921.583,-793.27,-647.762,-558.652,-391.004,-208.36,-11.467,-8.439,12.876,32.462,53.382,103.331,181.112,
295.756,82724.094,0.974,30.069,440.515,501.87,6.354,10,7,3917.671,-2074.149,104.223,-0.032,0.044,-238.629,-1079.946,-1113.844,-926.898,-797.477,-653.992,-552.564,-388.756,-205.68,-6.046,-3.692,18.091,37.489,53.591,102.085,180.323,
295.781,82731.07,0.974,30.027,440.042,502.184,6.354,10,7,3917.671,-2074.149,104.223,-0.033,0.044,-237.223,-1076.94,-1106.262,-920.123,-792.192,-652.123,-559.934,-392.182,-212.826,-11.155,-6.224,16.281,35.08,57.15,106.55,184.498,
295.828,82749.469,0.974,30.022,439.151,500.663,6.354,10,7,3917.671,-2074.149,104.223,-0.032,0.044,-236.899,-1070.26,-1102.205,-916.788,-790.25,-641.014,-546.368,-382.01,-203.447,-2.398,-5.38,16.92,37.279,54.428,101.773,181,
295.828,82749.469,0.974,30.022,439.151,500.663,6.354,10,7,3917.671,-2074.149,104.223,-0.032,0.044,-242.629,-1071.818,-1103.379,-924.917,-793.81,-652.745,-561.429,-398.391,-212.603,-9.695,-6.963,16.069,32.986,54.742,102.085,181.112,
295.903,82695.875,0.974,30.003,438.207,500.906,6.354,10,7,3917.671,-2074.149,104.223,-0.032,0.044,-234.736,-1070.816,-1101.03,-915.538,-789.495,-647.553,-558.332,-390.362,-207.69,-9.695,-8.334,14.047,32.881,53.591,104.265,183.369,
295.903,82695.875,0.974,30.003,438.207,500.906,6.354,10,7,3917.671,-2074.149,104.223,-0.032,0.044,-228.681,-1069.592,-1100.283,-915.85,-788.093,-640.909,-553.952,-389.184,-205.01,-7.089,-5.275,17.239,35.813,53.486,98.969,176.035,
295.787,82731.07,0.974,30.011,438.794,499.8,6.354,10,7,3917.671,-2074.149,104.223,-0.032,0.044,-239.386,-1075.715,-1107.864,-922.728,-792.623,-650.045,-555.02,-391.967,-210.707,-8.653,-7.701,14.153,32.567,52.44,104.473,183.031,
295.787,82731.07,0.974,30.011,438.794,499.8,6.354,10,7,3917.671,-2074.149,104.223,-0.032,0.044,-229.655,-1068.59,-1096.545,-914.912,-789.279,-642.985,-548.398,-382.974,-198.312,-4.378,0,20.964,39.479,59.034,106.965,183.821,
295.857,82765.102,0.975,29.965,437.522,502.185,6.354,10,7,3917.671,-2074.149,104.223,-0.032,0.044,-235.601,-1078.387,-1107.65,-926.168,-793.486,-651.395,-562.391,-401.925,-219.975,-16.993,-12.868,8.407,29.216,47.206,93.257,169.603,
295.857,82765.102,0.975,29.965,437.522,502.185,6.354,10,7,3917.671,-2074.149,104.223,-0.032,0.044,-240.251,-1074.156,-1104.661,-919.498,-795.104,-648.903,-558.225,-396.785,-214.057,-11.78,-8.755,13.515,30.787,54.952,104.058,183.595,
295.886,82791.961,0.975,29.975,437.908,502.72,6.354,10,7,3917.671,-2074.149,104.223,-0.032,0.043,-232.466,-1069.146,-1096.439,-911.474,-784.102,-645.685,-552.777,-385.544,-208.138,-9.799,-6.434,14.685,34.557,50.451,94.607,170.392,
295.785,82733.844,0.974,30.018,439.013,504.049,6.354,10,7,3917.671,-2074.149,104.223,-0.032,0.044,-249.225,-1091.635,-1127.511,-938.569,-811.823,-663.542,-567.518,-405.03,-216.96,-14.282,-7.7,13.834,30.159,56.949,108.419,186.529,
295.785,82733.844,0.974,30.018,439.013,504.049,6.354,10,7,3917.671,-2074.149,104.223,-0.032,0.044,-233.979,-1068.033,-1093.662,-914.183,-786.475,-647.865,-555.234,-387.578,-203.672,-3.961,-5.801,17.452,38.222,54.018,99.163,178.066,
295.821,82751.281,0.975,30.005,438.689,508.145,6.354,10,7,3917.671,-2074.149,104.223,-0.032,0.044,-241.981,-1074.379,-1105.515,-926.272,-798.987,-655.029,-572.752,-407.92,-229.466,-27.209,-25.104,-3.612,16.546,36.745,85.249,165.655,
295.772,82724.219,0.974,30.045,439.772,505.454,6.354,10,7,3917.671,-2074.149,104.223,-0.032,0.044,-260.362,-1092.749,-1128.045,-940.549,-806.646,-659.908,-551.923,-389.184,-198.87,1.044,6.974,29.158,43.353,67.418,117.853,195.897,
295.772,82724.219,0.974,30.045,439.772,505.454,6.354,10,7,3917.671,-2074.149,104.223,-0.032,0.044,-230.087,-1067.367,-1092.274,-911.786,-783.886,-637.482,-550.214,-382.546,-204.677,-4.066,-8.333,14.047,38.222,48.784,95.632,173.441,
295.884,82790.539,0.975,30.046,440.005,507.536,6.354,10,7,3917.671,-2074.149,104.223,-0.032,0.043,-248.252,-1083.064,-1115.447,-932.629,-803.841,-664.269,-570.188,-403.745,-220.086,-18.348,-10.442,11.919,27.541,55.17,107.054,185.854,
295.775,82731.516,0.974,30.074,440.661,510.988,6.354,10,7,3917.671,-2074.149,104.223,-0.032,0.044,-234.844,-1064.472,-1091.208,-907.515,-772.345,-631.98,-538.25,-371.839,-190.384,7.414,10.038,31.073,50.579,67.209,112.454,188.788,
295.792,82758.578,0.975,29.918,436.538,497.056,6.354,10,8,3917.671,-2074.149,-104.296,-0.032,0.044,-104.123,-978.301,-1006.745,-858.847,-736.425,-616.719,-533.764,-380.404,-208.695,-30.336,-27.323,-16.042,3.56,20.725,70.514,141.279,
295.792,82758.578,0.975,29.918,436.207,500.194,6.354,10,8,3917.671,-2074.149,-104.296,-0.032,0.044,-108.772,-981.974,-1011.23,-860.514,-736.21,-612.047,-518.382,-368.306,-197.64,-15.012,-9.916,0.426,18.43,37.891,86.819,156.4,
295.726,82726.289,0.975,29.927,436.418,501.484,6.354,10,8,3917.671,-2074.149,-104.296,-0.032,0.044,-98.933,-971.731,-997.24,-851.761,-728.983,-605.298,-525.432,-374.623,-202.777,-30.545,-30.593,-20.186,4.922,17.061,65.529,136.314,
295.953,82679.016,0.973,29.996,437.825,507.186,6.354,10,8,3917.671,-2074.149,-104.296,-0.032,0.044,-116.99,-988.765,-1020.625,-869.996,-748.183,-625.751,-537.396,-385.544,-209.923,-31.796,-29.96,-18.592,-0.418,19.573,73.214,145.567,
296.041,82700.781,0.973,30.009,438.199,503.514,6.354,10,8,3917.671,-2074.149,-104.296,-0.032,0.044,-105.204,-978.523,-1006.957,-860.096,-732.758,-602.806,-508.662,-356.315,-186.697,-7.089,-7.068,4.15,23.143,40.612,87.753,157.528,
295.793,82768.586,0.975,29.977,438.199,503.514,6.354,10,8,3917.671,-2074.149,-104.296,-0.032,0.044,-100.339,-972.065,-997.988,-855.302,-735.886,-611.007,-533.55,-379.655,-206.796,-30.545,-29.96,-20.611,3.979,14.968,62.518,133.719,
295.793,82768.586,0.975,29.977,437.993,503.749,6.354,10,8,3917.671,-2074.149,-104.296,-0.032,0.044,-115.908,-983.978,-1017.528,-868.225,-742.142,-621.078,-533.123,-380.94,-205.122,-21.892,-16.246,-5.843,9.32,32.657,82.145,151.661,
295.725,82726.352,0.975,30.014,438.937,507.372,6.354,10,8,3917.671,-2074.149,-104.296,-0.032,0.044,-99.257,-971.843,-998.308,-856.345,-729.091,-603.013,-515.498,-363.488,-192.281,-14.282,-18.461,-8.074,16.022,26.9,74.564,144.551,
295.717,82720.023,0.974,30.045,439.829,504.942,6.355,10,8,3917.671,-2074.149,-104.296,-0.032,0.044,-108.015,-983.978,-1014.005,-863.848,-748.398,-626.269,-535.687,-383.188,-211.823,-35.028,-35.129,-25.498,-2.823,11.2,63.452,136.878,
295.769,82751.664,0.975,30.033,439.566,508.738,6.355,10,8,3917.671,-2074.149,-104.296,-0.032,0.044,-110.719,-990.324,-1020.732,-873.227,-745.378,-624.297,-530.239,-375.372,-202.109,-20.433,-15.296,-4.25,12.357,33.599,84.845,154.369,
295.769,82751.664,0.975,30.033,439.566,508.738,6.355,10,8,3917.671,-2074.149,-104.296,-0.032,0.044,-101.528,-978.857,-1004.715,-860.513,-732.866,-607.892,-524.257,-366.807,-195.521,-20.12,-17.617,-7.968,15.812,28.994,78.822,148.162,
295.725,82724.805,0.975,30.08,440.881,506.773,6.354,10,8,3917.671,-2074.149,-104.296,-0.032,0.044,-100.987,-976.519,-1004.288,-854.364,-736.318,-610.384,-525.432,-375.479,-208.585,-28.564,-25.318,-15.724,4.712,21.667,73.63,143.987,
295.849,82787.312,0.975,30.073,440.881,506.773,6.354,10,8,3917.671,-2074.149,-104.296,-0.032,0.044,-106.394,-983.198,-1013.364,-863.744,-736.21,-614.952,-519.344,-365.736,-190.273,-18.035,-14.664,-4.25,14.765,32.657,82.872,153.24,
295.849,82787.312,0.975,30.073,440.823,506.847,6.354,10,8,3917.671,-2074.149,-104.296,-0.032,0.044,-97.311,-973.624,-998.735,-855.511,-731.356,-609.554,-526.821,-371.732,-199.875,-20.746,-18.039,-7.543,12.985,28.579,77.057,148.388,
295.767,82747.016,0.975,30.098,441.456,507.837,6.354,10,8,3917.671,-2074.149,-104.296,-0.032,0.044,-101.528,-975.294,-1003.54,-861.243,-736.425,-614.018,-525.753,-373.552,-199.764,-19.078,-13.714,-4.781,14.556,31.615,82.134,153.466,
295.802,82764.133,0.975,30.097,441.468,507.051,6.354,10,8,3917.671,-2074.149,-104.296,-0.032,0.044,-95.473,-962.379,-990.086,-849.362,-718.196,-593.149,-496.805,-346.679,-175.645,-4.691,-6.224,5.002,25.656,40.409,84.107,152.903,
295.724,82724.094,0.975,30.094,441.468,507.051,6.354,10,8,3917.671,-2074.149,-104.296,-0.033,0.044,-95.92,-967.501,-994.144,-852.072,-735.023,-614.226,-531.948,-382.117,-214.392,-35.757,-35.024,-25.179,-1.359,10.573,58.148,127.626,
295.724,82724.094,0.975,30.094,441.284,507.71,6.354,10,8,3917.671,-2074.149,-104.296,-0.033,0.044,-117.332,-984.312,-1016.247,-869.788,-746.349,-624.297,-535.046,-384.366,-210.483,-24.811,-17.512,-6.268,8.587,32.348,82.549,151.775,
295.712,82718.148,0.974,30.123,442.107,507.543,6.354,10,8,3917.671,-2074.149,-104.296,-0.032,0.044,-97.11,-968.28,-995.211,-851.238,-723.374,-597.821,-522.334,-368.627,-199.205,-22.622,-19.2,-10.093,12.776,25.544,71.646,142.296,
295.712,82718.148,0.974,30.123,442.107,507.543,6.354,10,8,3917.671,-2074.149,-104.296,-0.032,0.044,-111.385,-983.198,-1015.073,-860.306,-739.985,-619.105,-534.725,-383.831,-215.062,-36.383,-31.226,-20.505,-3.869,17.587,68.947,139.475,
295.654,82714.273,0.975,29.859,434.467,495.831,6.326,10,9,3917.671,-2074.149,-104.296,-0.033,0.044,89.77,-868.303,-870.919,-778.287,-684.319,-554.006,-486.335,-376.656,-233.706,-13.657,-7.911,-27.516,-22.272,-5.853,34.27,139.134,
295.659,82718.93,0.975,29.88,434.883,495.646,6.326,10,9,3917.671,-2074.149,-104.296,-0.032,0.044,93.126,-863.738,-868.783,-769.846,-671.797,-544.87,-466.681,-356.849,-219.972,2.193,-1.16,-17.53,-10.666,0.942,36.243,141.842,
295.733,82751.602,0.975,29.91,435.111,496.595,6.326,10,9,3917.671,-2074.149,-104.296,-0.032,0.044,102.114,-855.834,-859.922,-764.635,-669.962,-544.247,-472.663,-364.343,-220.865,1.566,-2.004,-21.461,-13.384,-5.539,24.405,127.173,
295.733,82751.602,0.975,29.91,436.046,499.714,6.326,10,9,3917.671,-2074.149,-104.296,-0.032,0.044,79.482,-868.86,-874.337,-775.787,-682.376,-553.383,-483.238,-375.692,-230.021,-3.336,0.74,-19.654,-16.521,2.408,41.228,144.663,
295.651,82710.984,0.975,29.935,436.661,497.576,6.326,10,9,3917.671,-2074.149,-104.296,-0.033,0.044,104.605,-855.166,-860.349,-762.24,-663.812,-540.094,-467.963,-353.53,-215.84,0.626,-5.696,-22.098,-14.848,-2.299,31.674,136.087,
295.781,82777.305,0.975,29.934,436.81,495.005,6.326,10,9,3917.671,-2074.149,-104.296,-0.032,0.044,88.037,-870.53,-873.589,-780.894,-683.784,-554.528,-485.374,-378.476,-234.264,-15.533,-14.767,-32.51,-26.35,-11.915,24.82,129.994,
295.667,82722.734,0.975,29.978,436.81,495.005,6.326,10,9,3917.671,-2074.149,-104.296,-0.032,0.044,84.247,-870.752,-876.152,-776.621,-677.306,-547.779,-468.499,-359.525,-216.175,10.755,17.118,-3.718,-1.359,17.064,52.963,155.045,
295.739,82757.672,0.975,29.968,437.976,497.337,6.326,10,9,3917.671,-2074.149,-104.296,-0.032,0.044,109.586,-850.045,-850.525,-754.007,-655.607,-532.102,-465.187,-354.495,-215.282,-0.834,-3.27,-19.548,-9.306,-2.613,30.012,134.395,
295.739,82757.672,0.975,29.968,437.759,500.86,6.326,10,9,3917.671,-2074.149,-104.296,-0.032,0.044,91.935,-862.18,-865.901,-771.619,-679.034,-551.932,-485.696,-379.227,-237.394,-15.741,-10.759,-30.172,-23.422,-12.96,20.978,124.465,
295.658,82717.633,0.975,30.033,439.559,501.392,6.326,10,9,3917.671,-2074.149,-104.296,-0.033,0.044,86.629,-863.961,-868.678,-769.639,-669.318,-544.145,-473.519,-360.704,-221.538,4.803,12.574,-8.287,-7.006,13.086,46.421,146.018,
295.772,82774.008,0.975,30.032,439.559,501.392,6.326,10,9,3917.671,-2074.149,-104.296,-0.032,0.043,100.923,-855.722,-858,-759.322,-663.596,-537.189,-478.753,-364.237,-223.325,-6.359,-10.655,-28.366,-18.403,-9.302,24.716,128.753,
295.772,82774.008,0.975,30.032,439.664,502.374,6.326,10,9,3917.671,-2074.149,-104.296,-0.032,0.043,86.521,-871.754,-876.152,-781.207,-683.352,-553.905,-480.676,-374.302,-231.923,-11.363,-5.591,-25.179,-23.213,-0.836,39.151,142.181,
295.658,82715.766,0.975,30.06,440.349,502.359,6.326,10,9,3917.671,-2074.149,-104.296,-0.032,0.044,96.916,-861.066,-863.766,-761.302,-663.272,-535.32,-459.953,-349.569,-207.469,12.321,6.339,-11.049,-3.659,7.014,40.501,143.084,
295.733,82754.57,0.975,30.053,440.232,502.74,6.326,10,9,3917.671,-2074.149,-104.296,-0.032,0.044,99.19,-858.394,-859.388,-766.304,-671.801,-545.287,-476.83,-365.951,-226.563,-7.923,-4.958,-23.479,-16.205,-5.016,28.559,132.589,
295.733,82754.57,0.975,30.053,440.232,502.74,6.326,10,9,3917.671,-2074.149,-104.296,-0.032,0.044,84.03,-863.293,-868.891,-769.535,-674.608,-545.91,-475.549,-368.199,-223.771,4.177,4.966,-15.617,-10.873,5.025,40.08,142.632,
295.774,82774.266,0.975,30.09,441.134,501.738,6.326,10,9,3917.671,-2074.149,-104.296,-0.032,0.043,95.942,-849.377,-853.622,-752.339,-656.687,-531.894,-463.371,-351.497,-215.732,3.028,3.381,-14.555,-7.318,4.92,37.692,139.926,
295.774,82774.266,0.975,30.09,441.346,500.3,6.326,10,9,3917.671,-2074.149,-104.296,-0.032,0.043,83.706,-863.182,-866.328,-769.326,-673.852,-547.364,-484.949,-373.231,-238.399,-18.035,-13.292,-32.404,-27.287,-11.182,21.805,125.369,
295.742,82758.961,0.975,30.076,440.928,499.681,6.326,10,9,3917.671,-2074.149,-104.296,-0.033,0.044,82.623,-870.197,-877.006,-774.537,-671.801,-546.429,-477.365,-369.805,-228.349,-3.753,0.951,-19.336,-16.728,3.978,40.6,142.522,
295.728,82748.891,0.975,30.07,440.71,498.982,6.326,10,9,3917.671,-2074.149,-104.296,-0.032,0.044,93.777,-863.851,-867.076,-769.118,-669.102,-544.249,-467.324,-358.135,-214.838,-1.564,2.641,-15.511,-8.573,3.769,39.042,142.07,
295.728,82748.891,0.975,30.07,440.71,498.982,6.326,10,9,3917.671,-2074.149,-104.296,-0.032,0.044,94.535,-857.728,-860.028,-764.845,-671.261,-542.899,-473.84,-369.805,-225.446,-4.066,-1.371,-20.611,-14.219,-1.359,32.5,134.623,
295.708,82768.844,0.975,30.127,442.51,505.206,6.345,10,9.4375,3917.671,-2074.149,-104.296,-0.032,0.043,138.066,-813.863,-804.396,-718.887,-634.878,-533.45,-484.307,-400.532,-285.405,-60.36,-62.452,-52.164,-46.322,-36.79,-10.676,64.659,
295.578,82703.555,0.975,30.101,441.608,507.959,6.345,10,9.4375,3917.671,-2074.149,-104.296,-0.033,0.044,136.225,-813.639,-806.105,-720.763,-634.662,-532.723,-483.559,-401.496,-283.284,-60.151,-62.452,-53.651,-46.008,-39.507,-8.81,70.301,
295.637,82734.102,0.975,30.116,442.105,504.921,6.345,10,9.4375,3917.671,-2074.149,-104.296,-0.032,0.044,143.48,-809.186,-801.619,-714.406,-626.457,-526.286,-473.945,-389.397,-277.812,-52.645,-57.072,-45.683,-40.153,-30.519,-2.384,75.04,
295.637,82734.102,0.975,30.105,442.105,504.921,6.345,10,9.4375,3917.671,-2074.149,-104.296,-0.033,0.044,141.639,-813.639,-804.715,-718.886,-632.395,-532.1,-482.704,-398.284,-285.07,-60.464,-67.515,-55.245,-49.041,-40.239,-11.92,67.705,
295.616,82719.25,0.975,30.105,441.755,503.455,6.345,10,9.4375,3917.671,-2074.149,-104.296,-0.033,0.044,131.677,-815.977,-808.666,-723.054,-637.578,-536.15,-485.802,-402.673,-285.405,-59.213,-64.772,-53.226,-48.832,-36.999,-7.981,70.752,
295.713,82772.07,0.975,30.092,441.502,502.881,6.345,10,9.4375,3917.671,-2074.149,-104.296,-0.032,0.044,138.499,-809.52,-803.861,-714.717,-626.675,-527.74,-475.12,-386.935,-275.356,-54.313,-58.548,-47.065,-41.721,-33.445,-4.975,74.814,
295.687,82758.898,0.975,30.066,440.7,502.301,6.345,10,9.4375,3917.671,-2074.149,-104.296,-0.032,0.044,136.008,-815.977,-807.171,-721.595,-636.822,-534.904,-481.424,-398.712,-289.09,-57.441,-58.97,-49.189,-42.558,-36.372,-9.951,67.705,
295.687,82758.898,0.975,30.066,440.7,502.301,6.345,10,9.4375,3917.671,-2074.149,-104.296,-0.032,0.044,136.658,-811.858,-805.89,-720.136,-633.044,-534.385,-486.124,-399.569,-285.07,-57.962,-57.493,-46.852,-41.826,-29.578,-2.799,72.896,
295.642,82733.328,0.975,30.058,440.397,502.766,6.344,10,9.4375,3917.671,-2074.149,-104.296,-0.032,0.044,140.881,-806.959,-801.085,-712.32,-625.271,-525.04,-477.471,-392.182,-281.901,-54.835,-58.865,-48.127,-41.303,-33.445,-6.841,70.301,
295.715,82772.328,0.975,30.046,440.144,502.89,6.344,10,9.4375,3917.671,-2074.149,-104.296,-0.032,0.043,138.499,-809.297,-802.366,-711.278,-623.112,-522.445,-472.451,-388.863,-275.426,-47.746,-51.586,-42.071,-37.016,-28.847,-1.658,75.492,
295.715,82772.328,0.975,30.046,440.144,502.89,6.344,10,9.4375,3917.671,-2074.149,-104.296,-0.032,0.043,146.079,-808.184,-799.91,-715.447,-628.726,-528.051,-483.133,-393.788,-283.911,-55.46,-60.131,-49.402,-43.394,-34.282,-7.359,69.172,
295.579,82702.461,0.975,30.046,439.971,501.497,6.344,10,9.4375,3917.671,-2074.149,-104.296,-0.033,0.044,139.69,-812.081,-804.822,-717.739,-628.834,-528.259,-480.142,-394.43,-281.789,-59.109,-64.773,-55.139,-47.995,-38.671,-6.737,72.558,
295.643,82733.906,0.975,30.038,439.824,503.271,6.344,10,9.4375,3917.671,-2074.149,-104.296,-0.032,0.044,143.805,-810.967,-803.007,-715.551,-626.135,-526.702,-473.305,-393.788,-279.445,-56.19,-60.026,-51.421,-44.754,-37.626,-8.603,68.608,
295.614,82722.023,0.975,30.03,439.824,503.271,6.344,10,9.4375,3917.671,-2074.149,-104.296,-0.032,0.044,138.499,-819.094,-809.307,-726.91,-639.953,-539.161,-481.424,-398.499,-283.241,-58.171,-60.237,-51.102,-44.44,-37.725,-10.262,66.464,
295.718,82773.555,0.975,30.023,439.565,504.112,6.344,10,9.4375,3917.671,-2074.149,-104.296,-0.032,0.043,141.314,-810.745,-803.754,-719.094,-631.317,-532.204,-483.774,-401.496,-287.037,-58.901,-59.287,-49.508,-44.022,-34.486,-4.975,73.009,
295.718,82773.555,0.975,30.023,439.486,506.073,6.344,10,9.4375,3917.671,-2074.149,-104.296,-0.032,0.043,146.187,-807.293,-800.658,-709.923,-621.493,-522.549,-473.626,-391.325,-274.644,-48.267,-52.008,-42.815,-36.075,-30.724,-6.53,70.527,
295.685,82759.867,0.975,30.041,439.983,502.097,6.344,10,9.4375,3917.671,-2074.149,-104.296,-0.033,0.043,142.505,-807.961,-800.871,-711.174,-623.652,-523.794,-478.54,-394.109,-280.561,-57.233,-60.448,-49.19,-44.231,-34.277,-6.53,70.753,
295.642,82735.391,0.975,30.024,439.983,502.097,6.344,10,9.4375,3917.671,-2074.149,-104.296,-0.033,0.044,145.646,-812.971,-804.502,-718.99,-629.266,-529.297,-475.121,-391.432,-276.765,-50.561,-54.646,-45.578,-40.258,-28.32,2.596,78.652,
295.642,82735.391,0.975,30.024,439.404,504.16,6.344,10,9.4375,3917.671,-2074.149,-104.296,-0.033,0.044,151.602,-799.834,-793.931,-705.338,-617.283,-519.33,-468.712,-386.079,-273.863,-48.476,-52.008,-43.028,-36.075,-29.261,-0.933,76.282,
295.719,82774.398,0.975,30.054,440.372,505.81,6.345,10,9.4375,3917.671,-2074.149,-104.296,-0.032,0.044,144.888,-801.281,-793.717,-708.256,-624.192,-524.106,-478.646,-394.644,-283.352,-58.484,-62.98,-53.758,-46.532,-40.233,-12.542,63.644,
295.652,82755.344,0.975,29.849,434.408,493.88,6.312,10,9.875,3917.671,-2074.149,-104.296,-0.032,0.044,271.259,-571.114,-585.44,-565.36,-494.538,-479.254,-466.041,-454.386,-510.96,-65.676,-82.179,-77.237,-75.809,-74.312,-74.734,-25.792,
295.537,82698.844,0.975,29.85,434.286,494.442,6.312,10,9.875,3917.671,-2074.149,-104.296,-0.033,0.044,260.755,-580.125,-595.386,-574.548,-504.469,-491.297,-481.743,-470.017,-527.598,-82.148,-98.108,-93.173,-89.507,-89.885,-87.068,-37.28,
295.577,82718.93,0.975,29.849,434.304,489.77,6.312,10,9.875,3917.671,-2074.149,-104.296,-0.033,0.044,258.372,-588.933,-604.262,-582.169,-509.219,-495.97,-473.945,-466.27,-520.228,-71.202,-83.867,-77.981,-78.842,-73.685,-70.173,-20.273,
295.603,82730.422,0.975,29.828,434.304,489.77,6.312,10,9.875,3917.671,-2074.149,-104.296,-0.032,0.044,273.099,-576.446,-589.396,-567.533,-494.861,-479.358,-471.595,-457.598,-516.32,-73.391,-92.412,-86.161,-82.501,-82.568,-79.398,-29.508,
295.655,82759.805,0.975,29.83,433.859,492.284,6.312,10,9.875,3917.671,-2074.149,-104.296,-0.033,0.043,262.596,-585.7,-600.412,-579.333,-509.436,-495.347,-475.868,-466.913,-520.005,-74.955,-92.412,-87.542,-85.429,-84.241,-80.746,-30.184,
295.537,82701.555,0.975,29.837,433.948,491.879,6.312,10,9.875,3917.671,-2074.149,-104.296,-0.033,0.044,268.66,-582.578,-597.096,-576.096,-504.362,-489.116,-470.634,-460.274,-518.888,-66.719,-82.495,-76.068,-75.6,-74.103,-74.215,-23.314,
295.537,82701.555,0.975,29.837,433.948,491.879,6.312,10,9.875,3917.671,-2074.149,-104.296,-0.033,0.044,273.749,-572.989,-587.792,-568.682,-499.396,-486.417,-478.432,-466.698,-521.792,-72.87,-89.141,-82.761,-80.306,-77.761,-78.776,-28.833,
295.578,82718.859,0.975,29.816,433.939,494.499,6.311,10,9.875,3917.671,-2074.149,-104.296,-0.033,0.044,265.086,-573.658,-590.572,-565.758,-493.027,-478.63,-464.011,-453.208,-511.63,-66.302,-82.284,-75.856,-75.077,-72.012,-71.106,-20.048,
295.578,82718.859,0.975,29.816,433.35,491.492,6.311,10,9.875,3917.671,-2074.149,-104.296,-0.033,0.044,267.577,-578.118,-592.925,-570.352,-501.34,-483.302,-474.052,-457.598,-518.363,-72.244,-94.521,-87.223,-85.011,-82.255,-78.776,-28.495,
295.656,82756.641,0.975,29.823,433.734,490.348,6.311,10,9.875,3917.671,-2074.149,-104.296,-0.033,0.044,262.379,-584.585,-600.198,-579.228,-508.141,-490.258,-475.548,-463.701,-524.057,-73.808,-88.508,-82.655,-82.711,-77.865,-73.386,-20.611,
295.656,82756.641,0.975,29.823,433.629,492.848,6.311,10,9.875,3917.671,-2074.149,-104.296,-0.033,0.044,271.042,-573.324,-588.326,-567.533,-498.641,-482.056,-467.323,-456.206,-512.781,-68.387,-86.083,-80.318,-77.692,-77.343,-76.185,-25.341,
295.671,82765.031,0.975,29.811,433.321,490.85,6.311,10,9.875,3917.671,-2074.149,-104.296,-0.032,0.044,264.112,-577.338,-592.07,-570.561,-501.987,-487.559,-477.257,-463.379,-521.042,-74.121,-91.78,-86.055,-83.338,-80.374,-78.051,-27.369,
295.671,82765.031,0.975,29.811,433.321,490.85,6.311,10,9.875,3917.671,-2074.149,-104.296,-0.032,0.044,266.819,-573.435,-590.252,-568.682,-496.374,-482.783,-465.934,-455.778,-512.892,-66.406,-83.024,-77.556,-76.542,-74.312,-73.179,-24.328,
295.578,82719.187,0.975,29.842,434.125,491.441,6.311,10,9.875,3917.671,-2074.149,-104.296,-0.033,0.044,266.277,-578.564,-592.497,-573.276,-501.879,-486.936,-479.286,-464.771,-523.834,-78.708,-93.045,-86.799,-84.175,-84.333,-81.16,-33.113,
295.612,82736.492,0.975,29.818,433.442,492.036,6.311,10,9.875,3917.671,-2074.149,-104.296,-0.032,0.044,262.487,-582.801,-599.021,-573.067,-501.34,-488.078,-473.305,-460.489,-515.014,-68.491,-84.079,-77.45,-78.633,-72.524,-66.442,-17.232,
295.544,82702.523,0.975,29.78,432.284,489.422,6.311,10,9.875,3917.671,-2074.149,-104.296,-0.033,0.044,277.864,-570.871,-583.193,-561.372,-488.277,-471.881,-462.409,-449.461,-510.101,-64.53,-85.028,-81.275,-77.169,-78.795,-76.289,-26.801,
295.544,82702.523,0.975,29.78,432.284,489.422,6.311,10,9.875,3917.671,-2074.149,-104.296,-0.033,0.044,263.461,-583.247,-597.631,-581.525,-515.158,-500.745,-481.316,-468.947,-528.634,-81.106,-97.898,-92.642,-90.449,-87.155,-82.923,-32.207,
295.668,82763.742,0.975,29.811,433.307,490.952,6.311,10,9.875,3917.671,-2074.149,-104.296,-0.032,0.044,262.378,-581.127,-597.952,-574.947,-503.499,-489.947,-470.527,-462.523,-519.033,-68.908,-82.707,-76.812,-76.751,-73.569,-71.417,-21.621,
295.575,82718.148,0.975,29.779,432.28,486.707,6.311,10,9.875,3917.671,-2074.149,-104.296,-0.032,0.044,270.608,-574.326,-588.876,-566.071,-494.539,-479.564,-468.818,-453.315,-512.223,-66.511,-86.505,-80.85,-78.529,-77.436,-74.734,-22.86,
295.604,82732.68,0.975,29.779,432.302,489.424,6.311,10,9.875,3917.671,-2074.149,-104.296,-0.033,0.044,270.608,-572.096,-588.555,-568.368,-499.504,-483.51,-466.789,-455.135,-512.669,-67.97,-85.028,-78.937,-78.738,-75.346,-73.283,-23.198,